"UTC"	"LocalTime"	"GCounter..ml."	"GCounter..bar."	"GCounter...C."	"pH..pH."	"pH...C."	"RedOx..mV."	"RedOx...C."
2025-05-11 09:40:00	2025-05-11 13:40:00	2865.46328116521	1.05647327718919	21.9070108566666	5.06974336888244	83.893947906543	51.2150504011014	67.2281356633128
2025-05-11 09:50:00	2025-05-11 13:50:00	2907.6583413165	1.0564300119798	21.8466548063472	7.21623701877209	90.5628006188352	-362.651706485862	79.5316577016852
2025-05-11 10:00:00	2025-05-11 14:00:00	2990.36665340106	1.05628422276379	21.8108882580098	7.27598612464878	97.6253268935399	-342.686934394682	85.7963313900794
2025-05-11 10:10:00	2025-05-11 14:10:00	3157.89128972508	1.0562571738212	21.8131236672809	7.23194239310276	102.194659092801	-322.541214034423	89.8484611929009
2025-05-11 10:20:00	2025-05-11 14:20:00	3368.88885330677	1.05639471544053	21.7852843686275	7.20286190910626	105.243684406629	-326.000495278418	92.6029181296454
2025-05-11 10:30:00	2025-05-11 14:30:00	3577.20570666485	1.05651088373358	21.7304135242506	7.18122517651268	107.40473475294	-349.456269598285	94.4337928214267
2025-05-11 10:40:00	2025-05-11 14:40:00	3781.95545549716	1.05669371624724	21.7192364778952	7.16669285092522	108.758543305721	-344.144282139687	95.5959211459354
2025-05-11 10:50:00	2025-05-11 14:50:00	3983.54764567042	1.05672360762109	21.6402520169834	7.15713890122791	109.672918924082	-351.422791372597	96.4094011715033
2025-05-11 11:00:00	2025-05-11 15:00:00	4192.08370372386	1.05653105582637	21.6529193361862	7.1507137977787	110.035251713934	-356.350412403783	96.8575661266738
2025-05-11 11:10:00	2025-05-11 15:10:00	4415.06384166689	1.05640369656785	21.7915147109937	7.14561030320077	110.2398707609	-358.911525778881	97.2742433520635
2025-05-11 11:20:00	2025-05-11 15:20:00	4650.65119766477	1.05641625828018	21.9450128142751	7.16853798529722	110.681859489132	-417.609463204336	97.2780422563556
2025-05-11 11:30:00	2025-05-11 15:30:00	4765.8674890717	1.05635124912662	22.0746665519982	7.93036838702545	110.59588677147	-579.624328955685	97.2754625963705
2025-05-11 11:40:00	2025-05-11 15:40:00	4769.96241815935	1.05647237337464	22.1216101466911	7.94829034488468	110.887069388562	-576.097450743973	97.3685024688758
2025-05-11 11:50:00	2025-05-11 15:50:00	4771.66982382053	1.0565307268163	22.1730057749742	7.96763683152163	110.986928828355	-576.388606156667	97.6950333323726
2025-05-11 12:00:00	2025-05-11 16:00:00	4140.97714877708	1.05677834734559	22.2236938367375	7.94170046764448	111.033814713022	-573.870502224379	97.8972818749171
2025-05-11 12:10:00	2025-05-11 16:10:00	1.92689407195362	1.05714850524812	22.2646763400408	7.92209355858884	111.050590455907	-571.845098010505	97.9316556279323
2025-05-11 12:20:00	2025-05-11 16:20:00	3.00701041473472	1.05717777481606	22.2661791361894	8.00492753389522	111.106581473517	-578.785864575014	98.019379563065
2025-05-11 12:30:00	2025-05-11 16:30:00	3.00701041473472	1.05704388543965	22.2780887956673	7.99048200729928	111.135550250737	-573.87605018319	98.0347525611251
2025-05-11 12:40:00	2025-05-11 16:40:00	3.65417337377351	1.0569300964981	22.3257775267838	7.9698442609051	111.156718933335	-571.723877436549	98.033514588965
2025-05-11 12:50:00	2025-05-11 16:50:00	4.43038370857301	1.05688489267201	22.3511121651895	7.95282890075064	111.195399391515	-571.041320330504	98.036920004778
2025-05-11 13:00:00	2025-05-11 17:00:00	5.82731893527896	1.05678962537929	22.3600538022739	7.93781192338435	111.212244673544	-569.360013142472	98.0398922372059
2025-05-11 13:10:00	2025-05-11 17:10:00	6.90176525581846	1.05673340318318	22.4096961683837	7.92479858425238	111.250045925364	-568.413413436263	98.0407446085497
2025-05-11 13:20:00	2025-05-11 17:20:00	8.09021906066379	1.05665740648024	22.4509604459648	7.92631799915437	111.290608611468	-566.872578115667	98.041158708273
2025-05-11 13:30:00	2025-05-11 17:30:00	9.06669911038524	1.05667932070831	22.5291997704529	7.93570336582664	111.309047307	-570.225936191841	98.0410939750416
2025-05-11 13:40:00	2025-05-11 17:40:00	10.9503264438609	1.05667811099915	22.6028054734827	7.92265418492939	111.327970556158	-566.159205465429	98.0412730870792
2025-05-11 13:50:00	2025-05-11 17:50:00	12.2968092977195	1.05669499992588	22.6894041015476	7.95382770145406	111.361488456561	-574.890543060533	98.0413594220031
2025-05-11 14:00:00	2025-05-11 18:00:00	12.4851853703036	1.05683528766203	22.7713691081542	7.98244315602865	111.364027786635	-571.43011331572	98.0413522972764
2025-05-11 14:10:00	2025-05-11 18:10:00	12.6985501055774	1.05728980158892	22.8399216591341	7.96801270303396	111.387591424991	-568.738549190258	98.0413736714566
2025-05-11 14:20:00	2025-05-11 18:20:00	12.9466424162796	1.05700876765995	22.9129450286564	7.95501940567685	111.464366439522	-575.471658525031	98.0413736714566
2025-05-11 14:30:00	2025-05-11 18:30:00	12.9525601718514	1.05690501236974	23.0070576374644	7.95595964545993	111.511251460222	-581.925555436637	98.0413736714566
2025-05-11 14:40:00	2025-05-11 18:40:00	12.9525601718514	1.05718398979315	23.1126415902069	7.96972373283274	111.521061565638	-584.89317164081	98.0413665467299
2025-05-11 14:50:00	2025-05-11 18:50:00	12.9525601718514	1.05742394600591	23.1498984113918	7.96707602214742	111.543947542731	-587.227132424967	98.0413736714566
2025-05-11 15:00:00	2025-05-11 19:00:00	12.9525601718514	1.05766839509388	23.1558595027814	7.93271751236456	111.546424702047	-584.256410900935	98.0413736714566
2025-05-11 15:10:00	2025-05-11 19:10:00	12.9525601718514	1.05786598991181	23.1588400484761	7.94076603322931	111.49640706074	-584.390432814298	98.0413736714566
2025-05-11 15:20:00	2025-05-11 19:20:00	12.9525601718514	1.0580037102907	23.1588400484761	7.93457983712613	111.493485150242	-583.076707778458	98.0413736714566
2025-05-11 15:30:00	2025-05-11 19:30:00	12.9525601718514	1.05814995796336	23.1588400484761	7.97268038216707	111.512719170953	-588.597045364965	98.0411872071799
2025-05-11 15:40:00	2025-05-11 19:40:00	12.9525601718514	1.05812868557461	23.1573497756287	7.98006316612645	111.517005959853	-586.069702013159	98.0412163167777
2025-05-11 15:50:00	2025-05-11 19:50:00	12.9525601718514	1.05827520832127	23.1573497756287	7.95337235147564	111.513221948177	-584.969354860893	98.0413309230962
2025-05-11 16:00:00	2025-05-11 20:00:00	12.9525601718514	1.05843322176386	23.1588400484761	7.93372366642455	111.513359693267	-583.070223409075	98.0413233792679
2025-05-11 16:10:00	2025-05-11 20:10:00	12.9525601718514	1.05838257886966	23.1588400484761	7.95014006987209	111.547772541055	-584.608561592378	98.0413591166577
2025-05-11 16:20:00	2025-05-11 20:20:00	12.9525601718514	1.05837469341521	23.1588400484761	8.03746470942673	111.551747785379	-591.601730631598	98.0413665467299
2025-05-11 16:30:00	2025-05-11 20:30:00	12.9525601718514	1.05843300910161	23.1588400484761	8.01306265840616	111.55649820695	-589.832431934112	98.0413736714566
2025-05-11 16:40:00	2025-05-11 20:40:00	12.9525601718514	1.05850654554893	23.1573497756287	7.9938283705791	111.602216510075	-586.402191268201	98.0413594220031
2025-05-11 16:50:00	2025-05-11 20:50:00	12.9525601718514	1.05865050093832	23.1588400484761	7.97875220357597	111.583720018763	-586.150925991003	98.0413594220031
2025-05-11 17:00:00	2025-05-11 21:00:00	12.9525601718514	1.05867947539886	23.1588400484761	7.96640921084269	111.607618918688	-584.632391453215	98.0413736714566
2025-05-11 17:10:00	2025-05-11 21:10:00	12.9525601718514	1.05872321216366	23.1573497756287	7.95499440147382	111.603392573581	-583.070343908268	98.0413736714566
2025-05-11 17:20:00	2025-05-11 21:20:00	12.9525601718514	1.05891218799649	23.1588400484761	7.94549378105327	111.600312818436	-583.060376668054	98.0413736714566
2025-05-11 17:30:00	2025-05-11 21:30:00	12.9525601718514	1.05892484140014	23.1588400484761	7.93609597958335	111.596564949197	-580.960603282679	98.0413736714566
2025-05-11 17:40:00	2025-05-11 21:40:00	12.9525601718514	1.05899562710754	23.1588400484761	7.92759536230704	111.591873368291	-580.204444570886	98.0413736714566
2025-05-11 17:50:00	2025-05-11 21:50:00	12.9525601718514	1.0591029059646	23.1573497756287	7.91999945658599	111.593120467645	-581.202260529771	98.0413736714566
2025-05-11 18:00:00	2025-05-11 22:00:00	12.9525601718514	1.05918212727443	23.1573497756287	7.92100460601282	111.562830759184	-579.577275680419	98.0413736714566
2025-05-11 18:10:00	2025-05-11 22:10:00	12.9525601718514	1.05926318241088	23.13946650146	8.03208265239954	111.538958109134	-586.683139019679	98.0413736714566
2025-05-11 18:20:00	2025-05-11 22:20:00	12.9525601718514	1.05931012837226	23.1193478180202	8.02053784070951	111.537919857474	-585.887942961969	98.0413736714566
2025-05-11 18:30:00	2025-05-11 22:30:00	12.9525601718514	1.05942052473457	23.1007194074278	8.00839370952836	111.544508806519	-586.612978991	98.0413736714566
2025-05-11 18:40:00	2025-05-11 22:40:00	12.9525601718514	1.05957007329514	23.0828361332591	7.99733081478246	111.552718800515	-584.268424003148	98.0413736714566
2025-05-11 18:50:00	2025-05-11 22:50:00	12.9525601718514	1.05972796576682	23.0351474021426	7.98802466064399	111.542608914205	-583.066990798782	98.0413736714566
2025-05-11 19:00:00	2025-05-11 23:00:00	12.9525601718514	1.05981774544897	23.0100632297617	7.97946353063552	111.541875463733	-582.888783146317	98.0413736714566
2025-05-11 19:10:00	2025-05-11 23:10:00	12.9525601718514	1.05994545760352	23.0135384458554	7.97151817509003	111.547663281705	-580.532614386313	98.0413736714566
2025-05-11 19:20:00	2025-05-11 23:20:00	12.9525601718514	1.06002449553069	22.9919294895682	7.9640872385053	111.601104804815	-580.94736528193	98.0413736714566
2025-05-11 19:30:00	2025-05-11 23:30:00	12.9525601718514	1.06021053724093	22.9814975796365	7.95682742443499	111.594397040544	-580.204444570886	98.0413665467299
2025-05-11 19:40:00	2025-05-11 23:40:00	12.9525601718514	1.06045159374966	22.9755364882469	7.95083481555988	111.571842755958	-580.244613653527	98.0413736714566
2025-05-11 19:50:00	2025-05-11 23:50:00	12.9525601718514	1.06070906300661	22.9755364882469	7.94395406911424	111.541337867596	-579.205868645421	98.0413594220031
2025-05-11 20:00:00	NA	12.9525601718514	1.06096644057223	22.9330637120962	7.937668735253	111.500326696774	-577.358379633573	98.0413665467299
2025-05-11 20:00:00	2025-05-12 02:00:00	12.9525601718514	1.06278688025438	22.7117581942584	7.97576254087984	111.432918743126	-580.204444570886	98.0413736714566
2025-05-11 20:10:00	2025-05-12 00:10:00	12.9525601718514	1.06115807545365	22.8958068909114	7.9318527185617	111.488584712934	-577.338892234411	98.0413024241894
2025-05-11 20:20:00	2025-05-12 00:20:00	12.9525601718514	1.06129882164646	22.8905909359455	7.92677608396749	111.484688448499	-578.1135585781	98.0413736714566
2025-05-11 20:30:00	2025-05-12 00:30:00	12.9525601718514	1.06154456288873	22.8785685667564	7.92153854965786	111.505514683997	-578.833414057035	98.0413593022598
2025-05-11 20:40:00	2025-05-12 00:40:00	12.9525601718514	1.06169236083835	22.8443924776763	7.91630528093527	111.471074894579	-575.718361736335	98.0413451725497
2025-05-11 20:50:00	2025-05-12 00:50:00	12.9525601718514	1.06187730225262	22.8130967478811	7.95325514427399	111.421260920071	-577.152961895933	98.0413736714566
2025-05-11 21:00:00	2025-05-12 01:00:00	12.9525601718514	1.06196110812899	22.801174565102	8.02295582527958	111.389276252535	-582.708699062071	98.0413736714566
2025-05-11 21:10:00	2025-05-12 01:10:00	12.9525601718514	1.06209488578066	22.7892523823229	8.01494334562934	111.374029564905	-582.513780338466	98.0413522972764
2025-05-11 21:20:00	2025-05-12 01:20:00	12.9525601718514	1.06223288123355	22.7400733783589	8.0045621084337	111.391875796139	-580.33993059189	98.0413594220031
2025-05-11 21:30:00	2025-05-12 01:30:00	12.9525601718514	1.06255050000352	22.7139936035295	7.99543840683913	111.381111620166	-580.204444570886	98.0413736714566
2025-05-11 21:40:00	2025-05-12 01:40:00	12.9525601718514	1.06260973260323	22.7117581942584	7.98762830495706	111.386362401209	-580.204444570886	98.0413522972764
2025-05-11 21:50:00	2025-05-12 01:50:00	12.9525601718514	1.06273778301404	22.7117581942584	7.97989995509815	111.42709408032	-580.204444570886	98.0413299480436
2025-05-11 22:00:00	2025-05-12 02:00:00	12.9525601718514	1.06286325373934	22.6832050674345	7.97221067020256	111.441886773391	-580.191977353585	98.0413664868583
2025-05-11 22:10:00	2025-05-12 02:10:00	12.9525601718514	1.06310779991225	22.6394799611599	7.96468665566909	111.472341911602	-579.19983447977	98.0413665467299
2025-05-11 22:20:00	2025-05-12 02:20:00	12.9525601718514	1.06324460337784	22.6223418234149	7.95793923241533	111.491940437166	-577.385943004685	98.0413736714566
2025-05-11 22:30:00	2025-05-12 02:30:00	12.9525601718514	1.06328916536462	22.6223418234149	7.95098181292528	111.516195091985	-577.338892234411	98.0413594220031
2025-05-11 22:40:00	2025-05-12 02:40:00	12.9525601718514	1.0633616932073	22.6223418234149	7.94466180526689	111.476484211055	-577.338892234411	98.0413736714566
2025-05-11 22:50:00	2025-05-12 02:50:00	12.9525601718514	1.06345732726535	22.6022231399751	7.9382463714118	111.478427738031	-577.512665016189	98.0413451725497
2025-05-11 23:00:00	2025-05-12 03:00:00	12.9525601718514	1.06346961390368	22.5530441360112	7.93192040572065	111.520050139509	-579.308582226009	98.0413665467299
2025-05-11 23:10:00	2025-05-12 03:10:00	12.9525601718514	1.06362828305486	22.5374338410172	7.92630582946825	111.4831875452	-579.945405157625	98.0413664868583
2025-05-11 23:20:00	2025-05-12 03:20:00	12.9525601718514	1.06364080161832	22.5329254525714	7.92317323226138	111.496418573843	-576.111332927384	98.0413736714566
2025-05-11 23:30:00	2025-05-12 03:30:00	12.9525601718514	1.06370791967249	22.5284546340292	7.91744707442468	111.541556271166	-579.220362046656	98.0413736714566
2025-05-11 23:40:00	2025-05-12 03:40:00	12.9525601718514	1.06374698017942	22.5284546340292	7.95819826033098	111.569289149636	-579.548482000832	98.0413736714566
2025-05-11 23:50:00	2025-05-12 03:50:00	12.9525601718514	1.0638692047234	22.5210032697923	8.05379274701616	111.501022088216	-586.929979051211	98.0413736714566
NA	2025-05-12 04:00:00	12.9525601718514	1.06412218110514	22.5016297227761	8.04810448617467	111.370399713682	-589.798969547582	98.0413665467299
2025-05-12 00:10:00	2025-05-12 04:10:00	12.9525601718514	1.06427778129355	22.4807659029127	8.03571226641669	111.34798059293	-583.754005118951	98.0413665467299
2025-05-12 00:20:00	2025-05-12 04:20:00	12.9525601718514	1.06450728469459	22.4584118102018	8.02510130310582	111.306584423932	-583.834296166546	98.0413448672043
2025-05-12 00:30:00	2025-05-12 04:30:00	12.9525601718514	1.06471221481898	22.4435090817278	8.01586361750764	111.307091115611	-583.348892832575	98.0413237983695
2025-05-12 00:40:00	2025-05-12 04:40:00	12.9525601718514	1.06478387120876	22.4435090817278	8.00717840463417	111.285087129308	-584.754233823296	98.0411419168402
2025-05-12 00:50:00	2025-05-12 04:50:00	12.9525601718514	1.06456083243179	22.4256258075591	7.99946584163322	111.26244376136	-585.423469424879	98.0404572280356
2025-05-12 01:00:00	2025-05-12 05:00:00	12.9525601718514	1.06473312044241	22.3742113943241	7.99161403352189	111.292224936046	-582.113488132064	98.0412869533541
2025-05-12 01:10:00	2025-05-12 05:10:00	12.9525601718514	1.06496152354749	22.3555829837317	7.98415946015151	111.302190908565	-580.208664168713	98.0413594220031
2025-05-12 01:20:00	2025-05-12 05:20:00	12.9525601718514	1.06513491185407	22.3540927108843	7.97697348661824	111.307710635702	-580.204444570886	98.0413445618589
2025-05-12 01:30:00	2025-05-12 05:30:00	12.9525601718514	1.06526997318437	22.3481316194947	7.9699338267417	111.259787803549	-584.74271185671	98.0409709208328
2025-05-12 01:40:00	2025-05-12 05:40:00	12.9525601718514	1.06536157282387	22.3213067082416	7.96270477956182	111.22443060265	-580.204444570886	98.0399297946939
2025-05-12 01:50:00	2025-05-12 05:50:00	12.9525601718514	1.06543015793932	22.2855401599042	7.95599388588591	111.232564840426	-580.204444570886	98.040255700051
2025-05-12 02:00:00	2025-05-12 06:00:00	12.9525601718514	1.06551247055688	22.2721903207839	7.94926731123251	111.231322136368	-580.532807221508	98.0409303817364
2025-05-12 02:10:00	2025-05-12 06:10:00	12.9525601718514	1.06569927199528	22.2646763400408	7.94196672333757	111.241317101589	-584.244216365799	98.0407457794682
2025-05-12 02:20:00	2025-05-12 06:20:00	12.9525601718514	1.0658605570462	22.2646763400408	7.93491114281614	111.264986315103	-584.507231959717	98.0413231876787
2025-05-12 02:30:00	2025-05-12 06:30:00	12.9525601718514	1.06585212144376	22.2646763400408	7.92826178292109	111.284114760657	-589.334051076363	98.0413448672043
2025-05-12 02:40:00	2025-05-12 06:40:00	14.9626089794337	1.06590897006887	22.2594603850749	7.92147011394872	111.272721508717	-583.375994688902	98.0412733145915
2025-05-12 02:50:00	2025-05-12 06:50:00	16.2875438534042	1.06603451014056	22.2338690189938	7.91578830524876	111.281939001809	-583.814267827642	98.0412443486858
2025-05-12 03:00:00	2025-05-12 07:00:00	17.7743169337433	1.06623244344398	22.2151647958547	7.92749884314513	111.23371073199	-585.057403593767	98.0407590439092
2025-05-12 03:10:00	2025-05-12 07:10:00	19.2092283568309	1.06620604998074	22.2058105625688	7.92139158512361	111.234239421307	-584.311126228196	98.0407916830646
2025-05-12 03:20:00	2025-05-12 07:20:00	19.5088287810271	1.06616978182156	22.1978019114267	7.9150106009931	111.207842487552	-584.657129904088	98.0403470949848
2025-05-12 03:30:00	2025-05-12 07:30:00	19.5088287810271	1.06616212983327	22.1871821519763	8.04085834627788	111.239571139467	-604.230916791018	98.0408041004455
2025-05-12 03:40:00	2025-05-12 07:40:00	19.5088287810271	1.06638979940771	22.1961237890607	8.03237860058371	111.26743803046	-596.060914633383	98.0412008459425
2025-05-12 03:50:00	2025-05-12 07:50:00	19.5088287810271	1.06653751414166	22.2147521996531	8.01859220116209	111.271796315732	-594.92562643414	98.0408838973849
2025-05-12 04:00:00	2025-05-12 08:00:00	19.5088287810271	1.06660270667788	22.1894175612474	8.00616569829764	111.278900591282	-604.381962623744	98.0412810500092
2025-05-12 04:10:00	2025-05-12 08:10:00	19.5380106405267	1.0666494692566	22.1752599691972	7.99501558185917	111.27721254007	-599.173073082937	98.0413522972764
2025-05-12 04:20:00	2025-05-12 08:20:00	20.4161013806554	1.06668747569848	22.184276746089	7.98512197915224	111.295158443819	-594.562708203443	98.041156286037
2025-05-12 04:30:00	2025-05-12 08:30:00	20.6861459253431	1.06687434338211	22.1752599691972	7.97525409410177	111.339426026023	-640.093650949502	98.0412096429191
2025-05-12 04:40:00	2025-05-12 08:40:00	21.4984631832918	1.06705362460946	22.1752599691972	7.96487497678085	111.341303890818	-615.941435532664	98.0412146865581
2025-05-12 04:50:00	2025-05-12 08:50:00	21.9255091676078	1.0672200644083	22.1752599691972	7.95507029313689	111.349719301797	-606.321198961668	98.0412091920509
2025-05-12 05:00:00	2025-05-12 09:00:00	24.2368403286057	1.06727177831889	22.1722794235025	7.94500942229245	111.332978904139	-603.129671062665	98.0412373856125
2025-05-12 05:10:00	2025-05-12 09:10:00	25.4046262631	1.06734311417427	22.1737696963498	7.93527702463063	111.326752732981	-602.500844345247	98.0413594220031
2025-05-12 05:20:00	2025-05-12 09:20:00	25.5879565480256	1.06746029569506	22.1566315586048	7.92534937930539	111.366696178598	-603.105624579742	98.0413380478229
2025-05-12 05:30:00	2025-05-12 09:30:00	25.5879565480256	1.06757399294528	22.1678086049603	7.91620243161582	111.363459154461	-603.896798695349	98.0410726008614
2025-05-12 05:40:00	2025-05-12 09:40:00	25.9205451385664	1.06752388555927	22.1376900654814	8.00341290167085	111.262361075993	-611.492112962033	98.0401580374103
2025-05-12 05:50:00	2025-05-12 09:50:00	27.8316721417902	1.06753063527404	22.0993687636914	7.9964519758141	111.265037611299	-614.592246375834	98.0143668687734
2025-05-12 06:00:00	2025-05-12 10:00:00	28.8666366132468	1.06764582363073	22.0910164462537	7.98277104721134	111.288456851464	-614.592268024635	98.0346307358686
2025-05-12 06:10:00	2025-05-12 10:10:00	29.9084033692742	1.06776770744772	22.0858435983537	7.97104431080595	111.293172114221	-619.571912666397	98.0249201200635
2025-05-12 06:20:00	2025-05-12 10:20:00	31.3827325169092	1.06787409867106	22.0843533255063	7.96018287127294	111.322853820533	-617.459004448014	98.0371771056311
2025-05-12 06:30:00	2025-05-12 10:30:00	33.5444361154558	1.06792526243366	22.0716860063035	7.94967124106548	111.293072300453	-617.943645668272	98.032907358684
2025-05-12 06:40:00	2025-05-12 10:40:00	38.1473618894058	1.06797431729565	22.0545478685584	7.93906096146328	111.174375658888	-621.842409248992	97.9998205348798
2025-05-12 06:50:00	2025-05-12 10:50:00	39.0290338367635	1.0681282670401	22.0381548672372	7.92823697406342	111.243439542191	-620.869815090987	98.0286351689735
2025-05-12 07:00:00	2025-05-12 11:00:00	40.7259684226746	1.0681160720931	22.0292132301528	7.91817063354955	111.280543626261	-622.577995584731	98.0400889814455
2025-05-12 07:10:00	2025-05-12 11:10:00	43.14208454913	1.06824416488226	22.0523124592874	7.97547987617852	111.237838417413	-627.536449716098	98.0407400796867
2025-05-12 07:20:00	2025-05-12 11:20:00	43.4174867398614	1.06831582127204	22.0430139081177	7.97976689045157	111.291295033332	-647.011098008576	98.0363092480567
2025-05-12 07:30:00	2025-05-12 11:30:00	43.4174867398614	1.06835719680199	21.9912543796101	7.96595355735252	111.336366585321	-683.143707761164	98.035643776116
2025-05-12 07:40:00	2025-05-12 11:40:00	43.4174867398614	1.06842788502964	21.9160276335583	7.95346569289436	111.375078924291	-650.868489563628	98.0404932502434
2025-05-12 07:50:00	2025-05-12 11:50:00	43.4174867398614	1.0684031576499	21.8339874871444	7.94073468030287	111.353089993064	-646.179024295188	98.0383214385257
2025-05-12 08:00:00	2025-05-12 12:00:00	43.4174867398614	1.06839857308336	21.7311586606743	7.92857208898746	111.367030979643	-646.114495844307	98.0394681124019
2025-05-12 08:10:00	2025-05-12 12:10:00	43.5307732762115	1.06856004151694	21.6536644726099	7.91725544064998	111.365703288565	-654.052382665822	98.0391344716274
2025-05-12 08:20:00	2025-05-12 12:20:00	45.3379440996953	1.06859259193938	21.6193881971199	8.02821540078104	111.315073495553	-659.317287385688	98.0115307357323
2025-05-12 08:30:00	2025-05-12 12:30:00	49.0923050753	1.06859644297528	21.553071055411	8.01375808780264	111.234428581595	-660.44261538255	97.990486735737
2025-05-12 08:40:00	2025-05-12 12:40:00	52.3920835612034	1.06857040263732	21.4852636408546	7.99590850539041	111.183644282737	-660.44261538255	97.9914296424287
2025-05-12 08:50:00	2025-05-12 12:50:00	56.6038229845403	1.06847106471182	21.4471552351856	7.98024675052421	111.149202866005	-660.44261538255	97.9224608704403
2025-05-12 09:00:00	2025-05-12 13:00:00	58.7761372423811	1.06850305421816	21.374946501234	7.96494935317109	111.157871198972	-660.838194109608	97.9779510532786
2025-05-12 09:10:00	2025-05-12 13:10:00	60.0255454813156	1.06857896768634	21.3269315432951	7.95040550150333	111.168018024537	-663.308303884686	97.9875056055261
2025-05-12 09:20:00	2025-05-12 13:20:00	61.2614427688554	1.06871518324869	21.2796059879144	7.93583590763717	111.150765277333	-663.308310861373	97.991900892211
2025-05-12 09:30:00	2025-05-12 13:30:00	61.835027873989	1.06874186542596	21.2140339826292	7.92136833902862	111.167638881596	-665.036686831757	98.0316297933996
2025-05-12 09:40:00	2025-05-12 13:40:00	65.6442045107994	1.0687627818366	21.1593697727228	7.99533427218019	111.127440894809	-672.14915476193	97.920029910259
2025-05-12 09:50:00	2025-05-12 13:50:00	69.1524716496279	1.06863807083947	21.1022635190748	8.00912811031939	111.082388150645	-685.950258051409	97.8729392282279
2025-05-12 10:00:00	2025-05-12 14:00:00	72.4219551799247	1.06862083286927	21.0657518343137	7.99082923363417	111.087110134851	-681.017034070892	97.7768669702448
2025-05-12 10:10:00	2025-05-12 14:10:00	77.2161550215071	1.06858947443413	20.9897479190967	7.97274914372537	111.072177294418	-693.624747208222	97.6620559684906
2025-05-12 10:20:00	2025-05-12 14:20:00	80.1921859964074	1.06856426625279	20.9264363696849	7.95568228791383	111.102493992883	-683.326730722583	97.7355580595498
2025-05-12 10:30:00	2025-05-12 14:30:00	85.4722944619683	1.0684337825544	20.8824482740844	7.93954942247616	111.083381846594	-699.237295782726	97.6611901106295
2025-05-12 10:40:00	2025-05-12 14:40:00	89.4687399668608	1.06867639781575	20.8355046793916	7.92393000009338	111.084093932036	-688.565725915765	97.711306150917
2025-05-12 10:50:00	2025-05-12 14:50:00	92.9555577404057	1.06874507462254	20.8273081787309	8.01674843420744	111.0664213184	-695.022790720884	97.772800583355
2025-05-12 11:00:00	2025-05-12 15:00:00	94.2032276007544	1.06872517760375	20.7662069919878	8.06704458392559	111.077352434372	-703.430651443468	97.7269849263395
2025-05-12 11:10:00	2025-05-12 15:10:00	96.7241090055696	1.06881200929404	20.7423626264295	8.04007569518885	111.096357459458	-703.428223152832	97.7451803588066
2025-05-12 11:20:00	2025-05-12 15:20:00	97.8958334834889	1.06874269064794	20.6991447138552	8.01222374786034	111.126616888458	-705.329434203335	97.7628570093859
2025-05-12 11:30:00	2025-05-12 15:30:00	102.089587887811	1.06871069037348	20.662633029094	7.98903176352418	111.141511735649	-721.734441247795	97.8315225810589
2025-05-12 11:40:00	2025-05-12 15:40:00	104.981154517578	1.06862816817574	20.6551816648571	7.96778541873542	111.172969563577	-712.387729670591	97.8422382718418
2025-05-12 11:50:00	2025-05-12 15:50:00	109.662549460109	1.06859819975035	20.6536788687085	7.94786811332774	111.204173425989	-724.221282276962	97.7982897645049
2025-05-12 12:00:00	2025-05-12 16:00:00	117.715353074209	1.0685626088742	20.6216505257908	7.92950994194602	111.166582669495	-714.848023834781	97.7677006021802
2025-05-12 12:10:00	2025-05-12 16:10:00	123.552890078283	1.06861129697087	20.618669980096	7.96318366865323	111.165954744839	-716.462640406777	97.7673868088587
2025-05-12 12:20:00	2025-05-12 16:20:00	128.97478137035	1.06871023191683	20.6276116171804	8.01387969027435	111.17782602083	-724.693813372964	97.8526574722108
2025-05-12 12:30:00	2025-05-12 16:30:00	134.246750026024	1.06875681111288	20.6648684383651	7.98756657583085	111.19622660799	-724.559638297292	97.8822349609736
2025-05-12 12:40:00	2025-05-12 16:40:00	139.776764680525	1.06874012329067	20.7393820807348	7.96435642437844	111.227478811892	-726.343695328639	97.9284798318835
2025-05-12 12:50:00	2025-05-12 16:50:00	146.214268857148	1.0686893262934	20.8191116780702	7.94334879159038	111.25234953287	-739.788070714559	97.993782634322
2025-05-12 13:00:00	2025-05-12 17:00:00	153.281286897194	1.06874700014048	20.8742517734237	7.93048754768046	111.169512293773	-734.233989108954	97.8069230370802
2025-05-12 13:10:00	2025-05-12 17:10:00	156.325717950569	1.06880549920955	20.9502556886408	8.00501560263143	111.194341912973	-743.735938203954	97.9900462240615
2025-05-12 13:20:00	2025-05-12 17:20:00	158.136954409204	1.06887040742559	21.0737103922508	7.98237558788262	111.244627375185	-748.969022447176	97.9523764090972
2025-05-12 13:30:00	2025-05-12 17:30:00	162.184851274609	1.06892249734768	21.1052440647695	7.95866044739616	111.300524271724	-748.654274545354	97.6203632890518
2025-05-12 13:40:00	2025-05-12 17:40:00	169.706926426181	1.06889104722121	21.1462265680729	7.93652948125294	111.309445775507	-743.546295587986	97.3239473795824
2025-05-12 13:50:00	2025-05-12 17:50:00	178.066333762947	1.06886408996995	21.1857187985287	7.95341581581292	111.278517665465	-744.926360779681	97.3628544944337
2025-05-12 14:00:00	2025-05-12 18:00:00	185.828782604007	1.06882548791967	21.1916798899183	8.01144109677131	111.252880402066	-751.534984940697	97.426949961037
2025-05-12 14:10:00	2025-05-12 18:10:00	192.870401691395	1.06880806656681	21.2199950740188	7.98117380203476	111.256719561507	-754.969673397194	97.5446825078775
2025-05-12 14:20:00	2025-05-12 18:20:00	199.425537323595	1.06875195147235	21.2781157150671	7.95509441828591	111.367731667113	-773.584166310589	97.6010523279426
2025-05-12 14:30:00	2025-05-12 18:30:00	206.008617240924	1.0686893262934	21.327294719031	7.93049448243989	111.533370915211	-760.605015243371	97.8274198580627
2025-05-12 14:40:00	2025-05-12 18:40:00	212.347405232504	1.06872022627188	21.369022358758	7.97223245531143	111.65925806547	-762.453843948305	97.8416784718844
2025-05-12 14:50:00	2025-05-12 18:50:00	218.685726869917	1.06868224756856	21.4028227488009	7.99172035063146	111.73150161637	-766.459925436581	97.8256725269576
2025-05-12 15:00:00	2025-05-12 19:00:00	224.957920372436	1.06872233517249	21.4554581839067	7.96733309660971	111.762035078515	-766.850240587293	97.9273949395663
2025-05-12 15:10:00	2025-05-12 19:10:00	234.247977900481	1.06868162422161	21.4599290024489	7.94087825912489	111.775024161709	-769.025921482347	98.0063079039123
2025-05-12 15:20:00	2025-05-12 19:20:00	239.626849008493	1.06879495470651	21.46216441172	7.95949193481921	111.77277726446	-770.22442897642	98.0363548103847
2025-05-12 15:30:00	2025-05-12 19:30:00	244.491965264139	1.06880843333214	21.4658900938385	8.09383824789584	111.782012500309	-783.316525916353	98.0412157060869
2025-05-12 15:40:00	2025-05-12 19:40:00	252.018494970369	1.06886858284516	21.471851185228	8.05911766553254	111.783139172603	-781.740237616413	98.0413665467299
2025-05-12 15:50:00	2025-05-12 19:50:00	259.138016484972	1.06888948846858	21.4755768673465	8.02877379542425	111.780460879371	-781.451072897774	98.0413665467299
2025-05-12 16:00:00	2025-05-12 20:00:00	266.996986554689	1.06891176946197	21.4636546845674	8.00214314713695	111.755695618419	-780.806298691441	98.0413665467299
2025-05-12 16:10:00	2025-05-12 20:10:00	276.312411771231	1.06890018014007	21.4651887889691	7.9722198300931	111.776878491159	-779.749011724341	98.0413736714566
2025-05-12 16:20:00	2025-05-12 20:20:00	285.558051514628	1.06893405045536	21.4614192752963	7.94370598053742	111.741767641647	-783.00116328531	98.0413736714566
2025-05-12 16:30:00	2025-05-12 20:30:00	294.686770718621	1.06897659523286	21.4629095481437	7.94507818385075	111.66609374032	-781.149324416098	98.0413736714566
2025-05-12 16:40:00	2025-05-12 20:40:00	303.250920500655	1.06897989612077	21.46216441172	7.98774980975611	111.769560618517	-786.686605404399	98.0413736714566
2025-05-12 16:50:00	2025-05-12 20:50:00	313.353939602061	1.06890425077285	21.4614192752963	7.95652688563542	111.784501287859	-790.483661695234	98.0414816619575
2025-05-12 17:00:00	2025-05-12 21:00:00	324.109635134999	1.0689157121892	21.4599290024489	7.92689758876654	111.784501287859	-797.079556923016	98.0415106697735
2025-05-12 17:10:00	2025-05-12 21:10:00	334.982310705351	1.0689496379816	21.46216441172	7.98261750174111	111.784501287859	-799.347705388723	98.0418267022948
2025-05-12 17:20:00	2025-05-12 21:20:00	343.891738931344	1.0689133282146	21.4614192752963	7.96919981664135	111.784501287859	-794.839876726625	98.0414314835249
2025-05-12 17:30:00	2025-05-12 21:30:00	356.440898610989	1.06889297273915	21.4599290024489	7.9372744306921	111.784501287859	-790.955760305878	98.0413736714566
2025-05-12 17:40:00	2025-05-12 21:40:00	369.634375779821	1.06890119722037	21.4621831966719	7.96162981469681	111.784501287859	-779.297247138695	98.041533477452
2025-05-12 17:50:00	2025-05-12 21:50:00	381.849782751541	1.06886858284516	21.4658900938385	7.97658484707209	111.784501287859	-799.51998591153	98.042128281799
2025-05-12 18:00:00	2025-05-12 22:00:00	396.41920767989	1.06887124189375	21.4733414580754	7.94330259241839	111.784501287859	-806.945824524689	98.0417402895378
2025-05-12 18:10:00	2025-05-12 22:10:00	410.92216450942	1.06883438197876	21.4748317309229	7.95205806805444	111.784501287859	-811.269598728771	98.0417118924127
2025-05-12 18:20:00	2025-05-12 22:20:00	422.649206332547	1.06875296007699	21.4673803666858	7.97769792479712	111.784501287859	-816.20242203	98.0413808979652
2025-05-12 18:30:00	2025-05-12 22:30:00	438.533165907333	1.06869620314321	21.4666352302622	7.94106559530221	111.784501287859	-802.976007945614	98.0413736714566
2025-05-12 18:40:00	2025-05-12 22:40:00	451.912817474547	1.06866191058548	21.4703609123807	7.97845772048182	111.784501287859	-801.600012648709	98.041452959487
2025-05-12 18:50:00	2025-05-12 22:50:00	464.273982422241	1.06856040828226	21.477067140194	8.00651946870129	111.784501287859	-809.399721180237	98.0416977447409
2025-05-12 19:00:00	2025-05-12 23:00:00	479.963715517684	1.06843713121426	21.4772111581581	7.96662717519883	111.784501287859	-807.329598369849	98.0430380349904
2025-05-12 19:10:00	2025-05-12 23:10:00	495.354514267881	1.06837675054662	21.4904795958205	7.93033869453436	111.784501287859	-804.474640090717	98.0415179980638
2025-05-12 19:20:00	2025-05-12 23:20:00	506.684142956791	1.06825104173207	21.4800476858887	7.97802610496174	111.784557702066	-807.903437166055	98.041704156995
2025-05-12 19:30:00	2025-05-12 23:30:00	521.029986243694	1.06813037594071	21.4733414580754	7.96239730600283	111.784730398616	-824.34388267715	98.0425572921299
2025-05-12 19:40:00	2025-05-12 23:40:00	538.219594995618	1.06804684513833	21.4763220037702	7.9333002275021	111.784501287859	-810.755916908377	98.0419196290877
2025-05-12 19:50:00	2025-05-12 23:50:00	554.119465233277	1.06790444850156	21.4643998209911	7.98155062318807	111.784509347032	-819.236317878307	98.0427501686607
2025-05-12 20:00:00	NA	571.96567655884	1.06783879750869	21.4614192752963	7.9417704012748	111.78464059641	-820.257005956441	98.0429165819208
2025-05-12 20:00:00	2025-05-13 02:00:00	795.976932797365	1.06700101381897	21.4599290024489	7.98464684676505	111.784501287859	-841.433245053392	98.0836823344122
2025-05-12 20:10:00	2025-05-13 00:10:00	590.985836849351	1.0677933186086	21.4599290024489	7.93743471154036	111.784501287859	-819.489988901221	98.0467087686134
2025-05-12 20:20:00	2025-05-13 00:20:00	611.124894601932	1.06772073682985	21.4599290024489	7.93409597165332	111.784501287859	-814.985069546188	98.04300241991
2025-05-12 20:30:00	2025-05-13 00:30:00	626.480792251663	1.06768374746827	21.4599290024489	7.98321213294416	111.784501287859	-818.186322716698	98.0515798424965
2025-05-12 20:40:00	2025-05-13 00:40:00	647.928473233856	1.06767769584044	21.4614192752963	7.94112390588503	111.784501287859	-821.143962580894	98.0437775542552
2025-05-12 20:50:00	2025-05-13 00:50:00	665.725666088708	1.0675425428188	21.4599290024489	7.95860008568731	111.784501287859	-818.894753159874	98.0468300925315
2025-05-12 21:00:00	2025-05-13 01:00:00	684.660766219303	1.06742141857079	21.4599290024489	7.95221668846735	111.784501287859	-817.899758775225	98.0489046093915
2025-05-12 21:10:00	2025-05-13 01:10:00	704.032779243053	1.06733440349784	21.4599290024489	7.94798111321766	111.784501287859	-817.694185370283	98.0725988041665
2025-05-12 21:20:00	2025-05-13 01:20:00	720.440117831966	1.06730735455525	21.4599290024489	7.96383963829182	111.784501287859	-819.944233963314	98.109970336844
2025-05-12 21:30:00	2025-05-13 01:30:00	742.92031097943	1.067170092633	21.4599290024489	7.93862143445709	111.784501287859	-824.033390225903	98.0575759107302
2025-05-12 21:40:00	2025-05-13 01:40:00	764.119515384837	1.06701691725652	21.4599290024489	7.96500163935341	111.784501287859	-834.840054046177	98.0682216945155
2025-05-12 21:50:00	2025-05-13 01:50:00	785.918595502069	1.06699917999235	21.4569484567542	7.93484814394525	111.784501287859	-838.377627950309	98.095813301269
2025-05-12 22:00:00	2025-05-13 02:00:00	807.965689571107	1.06694414978355	21.4539178178544	7.96669218087369	111.784501287859	-834.278137695362	98.1100929180667
2025-05-12 22:10:00	2025-05-13 02:10:00	833.112755171254	1.06680121840911	21.4405554554328	7.93232184038631	111.784501287859	-831.664170986253	98.0744199861003
2025-05-12 22:20:00	2025-05-13 02:20:00	862.405391683579	1.06672071342064	21.4234173176878	7.97221741372054	111.784501287859	-831.925840445681	98.0504364256382
2025-05-12 22:30:00	2025-05-13 02:30:00	885.238147849967	1.06661563515552	21.3943569971637	7.92861496728874	111.784501287859	-828.435627072664	98.0466186917111
2025-05-12 22:40:00	2025-05-13 02:40:00	906.375358843498	1.06655869483908	21.3854153600793	8.01160460081761	111.784501287859	-836.868272415542	98.06001022629
2025-05-12 22:50:00	2025-05-13 02:50:00	932.937973687126	1.06649616135146	21.3734931773001	7.96456417414336	111.784501287859	-833.514718950062	98.0799313693528
2025-05-12 23:00:00	2025-05-13 03:00:00	963.821606010466	1.06640306305955	21.3727668258284	7.93801679878218	111.784501287859	-838.867579302577	98.1008928345635
2025-05-12 23:10:00	2025-05-13 03:10:00	994.801311568961	1.06623795856386	21.3705126316054	7.95592024069421	111.784501287859	-838.194858910572	98.042958821372
2025-05-12 23:20:00	2025-05-13 03:20:00	1020.68313525527	1.06620751704203	21.3816896779608	7.96436072197582	111.784501287859	-835.353497034366	98.0415751994412
2025-05-12 23:30:00	2025-05-13 03:30:00	1039.87665931497	1.06617010697906	21.3757285865712	7.99047614693919	111.784501287859	-837.965873859018	98.0415606446423
2025-05-12 23:40:00	2025-05-13 03:40:00	1069.46074412658	1.06612261086969	21.3757285865712	7.93940486692746	111.784501287859	-833.630142139668	98.0443804079182
2025-05-12 23:50:00	2025-05-13 03:50:00	1099.085615528	1.06606906313249	21.376473722995	7.96196324866603	111.784501287859	-838.337593063618	98.0582278232259
NA	2025-05-13 04:00:00	1128.14251237587	1.06596425994136	21.3705126316054	7.92943375726494	111.784501287859	-834.433003350792	98.0470177781898
2025-05-13 00:10:00	2025-05-13 04:10:00	1159.70477049104	1.06589411607328	21.3720029044528	8.00808262208066	111.784501287859	-838.402448594761	98.0472264309013
2025-05-13 00:20:00	2025-05-13 04:20:00	1189.38488621406	1.06577262505994	21.3705126316054	7.96462600094223	111.784501287859	-838.044602865748	98.0453895745685
2025-05-13 00:30:00	2025-05-13 04:30:00	1220.16144756485	1.06569683947821	21.3705126316054	7.95224860937266	111.784253301418	-837.362572483444	98.0517839492387
2025-05-13 00:40:00	2025-05-13 04:40:00	1242.14978256317	1.06569221176281	21.3705126316054	7.97716697617363	111.784229348358	-850.641237858964	98.2235421450562
2025-05-13 00:50:00	2025-05-13 04:50:00	1255.14362843926	1.06564829161535	21.3682772223343	7.92735342710829	112.013392489561	-852.847380519091	98.7910703952336
2025-05-13 01:00:00	2025-05-13 05:00:00	1278.11604658246	1.06552643383668	21.361570994521	8.09421243188712	112.167102090235	-861.79743785265	98.8233022518304
2025-05-13 01:10:00	2025-05-13 05:10:00	1301.42090218258	1.065417596227	21.3384717653865	8.12811129409418	112.238170059437	-862.286104116428	98.823309376557
2025-05-13 01:20:00	2025-05-13 05:20:00	1323.30294405974	1.06536248973717	21.3176079455229	8.08368829957814	112.625870936332	-854.839126957131	98.8236593024213
2025-05-13 01:30:00	2025-05-13 05:30:00	1344.39803036088	1.06523045422079	21.300469807778	8.03606027413293	112.681048290034	-849.147832556671	98.8240718240989
2025-05-13 01:40:00	2025-05-13 05:40:00	1374.65002050426	1.06512565102966	21.2885476249988	7.9944671498281	112.687496894349	-852.785357775001	98.823352939172
2025-05-13 01:50:00	2025-05-13 05:50:00	1405.62354327518	1.06502538155106	21.2878588434307	7.95526172089614	112.683171991272	-846.739052762153	98.8236460861815
2025-05-13 02:00:00	2025-05-13 06:00:00	1443.15353034442	1.06497151790255	21.2810962607618	7.92772145772148	112.57034934084	-840.655127786281	98.8233460180088
2025-05-13 02:10:00	2025-05-13 06:10:00	1471.52852507034	1.06489944851652	21.2810962607618	7.98507289494305	112.500410231421	-852.980029220201	98.8233022518304
2025-05-13 02:20:00	2025-05-13 06:20:00	1499.80215468896	1.06491705325204	21.2810962607618	7.95913298776415	112.624157901685	-844.319503765402	98.8233022518304
2025-05-13 02:30:00	2025-05-13 06:30:00	1526.4668339194	1.06495886449889	21.2796059879144	7.925558984851	112.68093419518	-839.551453528721	98.8244095361459
2025-05-13 02:40:00	2025-05-13 06:40:00	1551.84918543274	1.0649731683465	21.2796059879144	7.95876036653557	112.686159417133	-841.849644829565	98.8426583022817
2025-05-13 02:50:00	2025-05-13 06:50:00	1580.1978821102	1.06503735227808	21.2691740779827	7.93312578411698	112.68889734824	-840.560926523231	98.9228743791466
2025-05-13 03:00:00	2025-05-13 07:00:00	1608.76688698404	1.06507769646364	21.2550164859324	7.96874720149764	112.720013006736	-840.605042875384	98.9406584095359
2025-05-13 03:10:00	2025-05-13 07:10:00	1636.97240544501	1.06503982794401	21.2796059879144	7.99991367081619	112.740631823518	-844.398937986763	98.9945705042248
2025-05-13 03:20:00	2025-05-13 07:20:00	1665.92727804069	1.06502001876398	21.2810962607618	7.96650524031173	112.698366385226	-839.86388877246	99.062074168107
2025-05-13 03:30:00	2025-05-13 07:30:00	1695.21333950331	1.06485011858054	21.2810962607618	7.93144444680928	112.706673234413	-837.939729863564	99.1793802158048
2025-05-13 03:40:00	2025-05-13 07:40:00	1725.17495720079	1.06469571037943	21.285567079304	7.96314635769404	112.774725921849	-839.065902877417	99.2414061528568
2025-05-13 03:50:00	2025-05-13 07:50:00	1753.79351550734	1.06462345761075	21.300469807778	7.99597570418604	112.842477196239	-864.607700026055	99.2530055133177
2025-05-13 04:00:00	2025-05-13 08:00:00	1784.22076577572	1.06461878135287	21.3258044461836	7.96900115043456	112.876529502005	-849.861290516941	99.237817529785
2025-05-13 04:10:00	2025-05-13 08:10:00	1816.57100652885	1.06466178458703	21.2945087163884	7.93661738665418	112.901560600513	-843.678298336358	98.9565885860302
2025-05-13 04:20:00	2025-05-13 08:20:00	1848.68795373942	1.06467902255723	21.295253852812	7.94956409414863	112.874203279474	-835.842009539406	98.8466299303061
2025-05-13 04:30:00	2025-05-13 08:30:00	1878.66636685655	1.06466710268422	21.3466682660471	8.0212442094448	112.738512491454	-843.546384551917	98.8773643729078
2025-05-13 04:40:00	2025-05-13 08:40:00	1906.59025220236	1.06465257538715	21.3705126316054	8.00580461803868	112.757356740405	-844.02230062462	98.9514703551203
2025-05-13 04:50:00	2025-05-13 08:50:00	1935.86903643538	1.06451095234783	21.3705126316054	7.97410093345109	112.842492623797	-840.236404929096	98.9326472650195
2025-05-13 05:00:00	2025-05-13 09:00:00	1966.92424761171	1.06436947262437	21.3705126316054	7.94345857566925	112.862606936391	-836.029002709812	98.8662699520083
2025-05-13 05:10:00	2025-05-13 09:10:00	1998.42651995379	1.06426879554313	21.386160496503	7.92188444140655	112.86513682572	-837.59935561232	99.0989719748818
2025-05-13 05:20:00	2025-05-13 09:20:00	2022.96478645239	1.06428053203347	21.4219270448404	8.05106094016366	112.836872847792	-842.271331091196	99.1661247635065
2025-05-13 05:30:00	2025-05-13 09:30:00	2050.7662122724	1.06418627334539	21.4539679110593	8.05026481024644	112.705490723568	-842.8076234382	98.9514027010074
2025-05-13 05:40:00	2025-05-13 09:40:00	2076.67567004601	1.06402734838309	21.4569234101517	8.01466292165394	112.712768638969	-843.801177935133	98.8753927454838
2025-05-13 05:50:00	2025-05-13 09:50:00	2104.58337946343	1.06375128967196	21.4599290024489	7.98302665254755	112.711339149806	-840.370870822304	98.9821755153518
2025-05-13 06:00:00	2025-05-13 10:00:00	2134.30306881793	1.06360923591454	21.4599290024489	7.95357058841517	112.700443155572	-838.783018502201	99.0623562149122
2025-05-13 06:10:00	2025-05-13 10:10:00	2163.94188162272	1.06350207263479	21.4599290024489	7.92597712154289	112.722915920613	-835.457688201835	99.0742382824769
2025-05-13 06:20:00	2025-05-13 10:20:00	2188.50545995469	1.06336297688593	21.4845185044309	7.97995240532089	112.787381815833	-839.152293220431	99.0511520304555
2025-05-13 06:30:00	2025-05-13 10:30:00	2212.24847605966	1.06333601963467	21.4934601415152	8.02020760941885	112.798487700713	-845.517354832528	98.883089090835
2025-05-13 06:40:00	2025-05-13 10:40:00	2237.81983417527	1.06330732024812	21.5277364170052	8.00462149341588	112.8130957565	-838.052117838981	98.8644250549127
2025-05-13 06:50:00	2025-05-13 10:50:00	2264.06771840124	1.06322122208848	21.5180496434972	7.98237947344909	112.864052291385	-833.71352494268	98.9495275747141
2025-05-13 07:00:00	2025-05-13 11:00:00	2291.22949421526	1.06311559367537	21.5046371878707	7.95945550291403	112.908160026482	-832.942641135518	98.912072072043
2025-05-13 07:10:00	2025-05-13 11:10:00	2319.38306551721	1.06310779991225	21.5240107348868	7.93501877809631	112.926717767503	-828.954094141727	99.0301416184578
2025-05-13 07:20:00	2025-05-13 11:20:00	2347.06961138608	1.0629258843119	21.5292266898527	7.91806456103206	112.912911253971	-825.855746065841	99.0423460717817
2025-05-13 07:30:00	2025-05-13 11:30:00	2363.23218240646	1.06279584905346	21.5395771983264	8.02207445502965	112.929591798971	-839.76825404706	99.1111016621958
2025-05-13 07:40:00	2025-05-13 11:40:00	2386.1040879303	1.06280613543385	21.547855100445	8.0568698267502	112.926419002471	-839.323901093492	99.0083750693903
2025-05-13 07:50:00	2025-05-13 11:50:00	2410.27238173737	1.06269968179876	21.5493453732925	8.05260328926473	112.906695214343	-836.240902410078	98.957756939432
2025-05-13 08:00:00	2025-05-13 12:00:00	2435.44596870811	1.06255380089143	21.5694640567322	8.03487892321295	112.856504531093	-832.769102749334	98.9498764827602
2025-05-13 08:10:00	2025-05-13 12:10:00	2467.66104300221	1.06246155941262	21.6097014236118	8.01382391918089	112.704400547812	-831.137765719748	98.8297551168292
2025-05-13 08:20:00	2025-05-13 12:20:00	2493.58436883456	1.06236913455115	21.6201333335436	7.99275299450395	112.68749700948	-826.833345553875	98.8388558356262
2025-05-13 08:30:00	2025-05-13 12:30:00	2515.62946956411	1.06222462901377	21.6231138792384	7.97198417138926	112.687513818611	-826.439396939165	98.8626915071176
2025-05-13 08:40:00	2025-05-13 12:40:00	2540.70168511063	1.06213981453276	21.6260944249331	7.95087193117373	112.677460116245	-822.074826808246	98.9137242961715
2025-05-13 08:50:00	2025-05-13 12:50:00	2623.29386661703	1.06209461841182	21.638761744136	7.94321833619936	111.803443922568	-826.827638902527	98.1270002281662
2025-05-13 09:00:00	2025-05-13 13:00:00	2665.77474703596	1.06206031814894	21.6447228355256	7.92616016012281	111.580153029085	-834.174346322063	97.9933042598131
2025-05-13 09:10:00	2025-05-13 13:10:00	2695.80454626858	1.06196064967234	21.680489383863	7.93846007920949	111.486921414893	-830.515129312424	97.8733121567813
2025-05-13 09:20:00	2025-05-13 13:20:00	2723.8350903775	1.06188720491635	21.7088045679634	7.93021894784335	111.450012823318	-839.836803623089	97.8194347696898
2025-05-13 09:30:00	2025-05-13 13:30:00	2751.28910340863	1.06180605808857	21.7266878421321	7.93813424318889	111.496905232722	-830.421568014951	97.8380441487797
2025-05-13 09:40:00	2025-05-13 13:40:00	2779.96066025141	1.0616684946728	21.7281781149795	7.94435577858774	111.459847696714	-825.302192820038	97.8396908404631
2025-05-13 09:50:00	2025-05-13 13:50:00	2811.9139597703	1.0615784642921	21.7281781149795	7.92237049531286	111.429200829032	-824.894911731889	97.7924738414448
2025-05-13 10:00:00	2025-05-13 14:00:00	2838.83386307151	1.06152043959306	21.7371197520639	7.97879791438462	111.359120671727	-834.734379065937	97.7239737114783
2025-05-13 10:10:00	2025-05-13 14:10:00	2866.29780448692	1.06143499560098	21.7484658629861	7.95374098207807	111.383952334261	-837.522571225454	97.7360098681509
2025-05-13 10:20:00	2025-05-13 14:20:00	2898.06096788213	1.0614021577763	21.7944952566885	7.92743615585813	111.364967255868	-833.553060701356	97.7085469478182
2025-05-13 10:30:00	2025-05-13 14:30:00	2926.90782847065	1.06132440352776	21.8101431215861	7.94663967679476	111.379911033749	-839.782018871791	97.7851370476869
2025-05-13 10:40:00	2025-05-13 14:40:00	2955.14849204404	1.0612780994057	21.7937501202648	7.93924341400719	111.396843124578	-832.580471791903	97.8177563876359
2025-05-13 10:50:00	2025-05-13 14:50:00	2984.47961528235	1.06122583534713	21.7721411639776	7.92624406094466	111.407963861361	-823.988560667003	97.8078395822831
2025-05-13 11:00:00	2025-05-13 15:00:00	3010.86399829557	1.0611100291963	21.7505322076904	7.93154895656409	111.425197134974	-821.022583118932	97.741667868529
2025-05-13 11:10:00	2025-05-13 15:10:00	3040.32790680666	1.06098683303241	21.7432060764659	7.9473164515324	111.451995007232	-820.303232965562	97.8332837878471
2025-05-13 11:20:00	2025-05-13 15:20:00	3070.99112027486	1.06082589822213	21.7451746152225	7.94840696120706	111.427398276676	-827.822318952421	97.9000739375582
2025-05-13 11:30:00	2025-05-13 15:30:00	3105.1698219898	1.06073812915848	21.7520224805378	7.92184439561265	111.331936047238	-850.467273624294	97.8134292357477
2025-05-13 11:40:00	2025-05-13 15:40:00	3135.45899744469	1.06074966839689	21.7762675917357	7.93732724616137	111.313813966885	-832.564245774847	97.5863947123177
2025-05-13 11:50:00	2025-05-13 15:50:00	3167.4847820884	1.06074198019438	21.8019466209254	7.92589204864903	111.289935440315	-831.347024562992	97.5350657553017
2025-05-13 12:00:00	2025-05-13 16:00:00	3195.66420568881	1.0606352514853	21.7997112116544	7.9321201463268	111.242978442402	-829.282852510771	97.5716504128028
2025-05-13 12:10:00	2025-05-13 16:10:00	3226.25217382763	1.06059820818765	21.7922598474174	7.93406549285622	111.272453713933	-860.894939905693	97.5120716158188
2025-05-13 12:20:00	2025-05-13 16:20:00	3257.22158801178	1.06051586937257	21.7460613891482	7.92377470055119	111.246868144367	-837.974616039308	97.5703063839961
2025-05-13 12:30:00	2025-05-13 16:30:00	3285.779550594	1.06045553647689	21.729668387827	7.9510187331938	111.218893720989	-830.766064885082	97.649243165286
2025-05-13 12:40:00	2025-05-13 16:40:00	3316.30611564012	1.06041375450962	21.7251725226823	7.93777617929174	111.210488953341	-826.328522347242	97.6373209931218
2025-05-13 12:50:00	2025-05-13 16:50:00	3350.54494490266	1.06032221728187	21.7281781149795	7.92997327121637	111.113825186478	-823.920720287665	97.492067738444
2025-05-13 13:00:00	2025-05-13 17:00:00	3373.32248447462	1.06018352451256	21.7281781149795	7.93377498151031	111.114332675182	-845.955492395016	97.5319636817854
2025-05-13 13:10:00	2025-05-13 17:10:00	3401.93413884699	1.06007400884934	21.7259427057084	7.92935425171316	111.146437386654	-832.495475058927	97.5412335294495
2025-05-13 13:20:00	2025-05-13 17:20:00	3427.84142911191	1.05990162914739	21.7371197520639	7.93342515084453	111.177188540298	-825.439990549516	97.5560844116262
2025-05-13 13:30:00	2025-05-13 17:30:00	3455.5677457861	1.05981938202364	21.7520224805378	7.92355786722814	111.163674344459	-824.059901977904	97.6005947169229
2025-05-13 13:40:00	2025-05-13 17:40:00	3477.18370355776	1.05973906041784	21.7943011455193	7.93364536413437	111.166806768666	-828.008994980305	97.6052200022741
2025-05-13 13:50:00	2025-05-13 17:50:00	3499.2689079095	1.05969999991091	21.8019466209254	7.92611386327816	111.183283231816	-839.029096804939	97.657909479316
2025-05-13 14:00:00	2025-05-13 18:00:00	3516.74786762598	1.05962572993295	21.8123785308572	7.96839304040332	111.214785039798	-849.920143612322	97.7576014038231
2025-05-13 14:10:00	2025-05-13 18:10:00	3535.90476045953	1.0595646773759	21.8175944858231	7.94805111415183	111.228357328433	-831.773345573348	97.7831964628598
2025-05-13 14:20:00	2025-05-13 18:20:00	3549.16941798008	1.05952782177834	21.8146385727373	7.92970175734345	111.368161932718	-822.842963698975	97.9792979042173
2025-05-13 14:30:00	2025-05-13 18:30:00	3565.93244450088	1.0594572012669	21.7915147109937	7.91854471986815	111.547075192386	-825.323968667043	98.0286334386827
2025-05-13 14:40:00	2025-05-13 18:40:00	3579.74233236107	1.05940081109844	21.7751217096724	7.9804618659574	111.569947814279	-827.792480036964	98.0333890919928
2025-05-13 14:50:00	2025-05-13 18:50:00	3593.93462499555	1.05932945443915	21.7492172610604	7.97248330006321	111.56156867538	-826.811775362389	98.032695189796
2025-05-13 15:00:00	2025-05-13 19:00:00	3605.75478625804	1.05934332063402	21.7408454341824	7.95648898864023	111.545967516713	-847.238509987202	97.9965424481116
2025-05-13 15:10:00	2025-05-13 19:10:00	3620.13764093998	1.05927748625849	21.7333940699454	7.94318763168811	111.543583843796	-849.074153373385	98.0288456537574
2025-05-13 15:20:00	2025-05-13 19:20:00	3634.0005857612	1.05917176615405	21.7304135242506	7.9314364376505	111.582002839399	-825.719629025655	98.0361226460752
2025-05-13 15:30:00	2025-05-13 19:30:00	3649.87274590494	1.059149026704	21.7281781149795	7.92150332265585	111.578336031115	-811.35655794333	98.0354515985991
2025-05-13 15:40:00	2025-05-13 19:40:00	3663.79833274603	1.05916424746492	21.7237072964374	7.93570688204269	111.533543842023	-814.170687345818	98.0282979658355
2025-05-13 15:50:00	2025-05-13 19:50:00	3674.91524784655	1.05913793205297	21.7266878421321	7.98610314624557	111.458980379514	-815.390142887421	98.0112936858959
2025-05-13 16:00:00	2025-05-13 20:00:00	3685.96520480228	1.05904504873485	21.7177462050477	7.97084149884583	111.435402695173	-817.913092484877	98.0050552751715
2025-05-13 16:10:00	2025-05-13 20:10:00	3696.22927215308	1.05899159268898	21.7177462050477	7.95753623498698	111.495551291768	-818.670723338526	98.0185449274156
2025-05-13 16:20:00	2025-05-13 20:20:00	3708.63788269638	1.05891823962432	21.6708026103549	7.94740279335018	111.474826669567	-824.276251854463	98.0087421176903
2025-05-13 16:30:00	2025-05-13 20:30:00	3723.04200320307	1.0589264918441	21.6499387904914	7.93901075771191	111.371115598448	-829.454913429362	97.9332317192666
2025-05-13 16:40:00	2025-05-13 20:40:00	3737.34185518183	1.05887862896941	21.6402520169834	7.93172086045984	111.267325317178	-822.668262773147	97.8013456992145
2025-05-13 16:50:00	2025-05-13 20:50:00	3750.21927931249	1.05884635362096	21.638761744136	7.92533482607784	111.232885365223	-812.567899460976	97.709679372241
2025-05-13 17:00:00	2025-05-13 21:00:00	3758.51477211376	1.05887028891088	21.638761744136	7.91902420894882	111.228143823253	-822.899036676019	97.7678352783322
2025-05-13 17:10:00	2025-05-13 21:10:00	3773.17050134962	1.05886304144317	21.638761744136	7.9139969827714	111.177753027755	-804.115741669024	97.6936553529175
2025-05-13 17:20:00	2025-05-13 21:20:00	3785.36039156947	1.05886890968834	21.6372714712886	7.93176940377586	111.130683661953	-812.346445486169	97.589387827123
2025-05-13 17:30:00	2025-05-13 21:30:00	3797.84639771349	1.0589154888844	21.6335457891701	7.92600730239732	111.107405893953	-803.17130599644	97.5306611474557
2025-05-13 17:40:00	2025-05-13 21:40:00	3801.36191353998	1.05887230226758	21.6372714712886	7.91679803954554	111.236950642014	-800.764727071645	97.7218497286584
2025-05-13 17:50:00	2025-05-13 21:50:00	3811.69397985522	1.05885002127419	21.6253492885095	7.92071149033602	111.204836567196	-800.859246110706	97.6965040222275
2025-05-13 18:00:00	2025-05-13 22:00:00	3820.97084788034	1.05877135011235	21.6156625150014	7.92022166190578	111.197760498749	-808.578077784582	97.6843408923186
2025-05-13 18:10:00	2025-05-13 22:10:00	3829.47164202396	1.05875649611675	21.587347330901	7.91767474941389	111.222027472588	-811.347835564397	97.7416456800943
2025-05-13 18:20:00	2025-05-13 22:20:00	3836.65621060096	1.05877410085227	21.5702091931559	7.94238788788217	111.233824373932	-799.140118925236	97.7788460157666
2025-05-13 18:30:00	2025-05-13 22:30:00	3844.46407056209	1.05919377207344	21.5582870103768	7.93487226909425	111.250055201635	-796.194387550054	97.8109467773916
2025-05-13 18:40:00	2025-05-13 22:40:00	3852.54990036881	1.05964415989044	21.5538161918346	7.92657995725006	111.267511138666	-820.728566113291	97.8271982790613
2025-05-13 18:50:00	2025-05-13 22:50:00	3861.17795059481	1.05979279153771	21.5493453732925	7.91935677043027	111.273164532933	-818.447189863269	97.8525842910892
2025-05-13 19:00:00	2025-05-13 23:00:00	3866.95327509103	1.0596615812433	21.5523259189872	7.91930256209951	111.248500241898	-810.777949974902	97.8249410638517
2025-05-13 19:10:00	2025-05-13 23:10:00	3872.0414289189	1.05989007603971	21.5493453732925	7.94820439293681	111.237379159721	-834.248416045388	97.8150504164241
2025-05-13 19:20:00	2025-05-13 23:20:00	3879.5809890697	1.0598023967825	21.5478425771438	7.938885806463	111.22726716332	-814.37527256135	97.7232458133015
2025-05-13 19:30:00	2025-05-13 23:30:00	3889.04174227278	1.05982754255209	21.5187947799209	7.93223842792781	111.201849492533	-805.080570473973	97.686308334714
2025-05-13 19:40:00	2025-05-13 23:40:00	3897.3672041312	1.05961527712123	21.4733414580754	7.92609872401461	111.194700085618	-827.89609314792	97.662576073542
2025-05-13 19:50:00	2025-05-13 23:50:00	3905.92774074948	1.05939283395266	21.4629095481437	7.92048703854486	111.186524055277	-830.441091199701	97.6706590760164
2025-05-13 20:00:00	NA	3914.74470011112	1.05932718295979	21.4599290024489	7.9155395272178	111.168811606303	-821.843301099312	97.6105711664167
2025-05-13 20:10:00	2025-05-14 00:10:00	3923.34380611794	1.05933534348823	21.4599290024489	7.91459708364386	111.152211323113	-810.079858822756	97.5600840296484
2025-05-13 20:20:00	2025-05-14 00:20:00	3930.83487676455	1.05935414021105	21.4599290024489	7.9146996399453	111.141602343773	-805.520338954056	97.5623464357305
2025-05-13 20:30:00	2025-05-14 00:30:00	3937.88536128536	1.05935514881569	21.4599290024489	7.92262909782771	111.135807338335	-807.933171052293	97.5440213332369
2025-05-13 20:40:00	2025-05-14 00:40:00	3944.97211990387	1.05934698828725	21.4576935931778	7.95527101046972	111.09336094405	-802.907339340909	97.4685659987727
2025-05-13 20:50:00	2025-05-14 00:50:00	3951.2619602572	1.05933380014592	21.4561720120773	7.94712714712772	111.080037288137	-795.701664828622	97.4673072229236
2025-05-13 21:00:00	2025-05-14 01:00:00	3954.36703119461	1.05923674348086	21.4414545456631	7.94045052952402	111.090376477438	-800.174675997379	97.4772582326763
2025-05-13 21:10:00	2025-05-14 01:10:00	3959.39943258683	1.05917974329983	21.4360846368906	7.93515473845023	111.072126867026	-787.315569299901	97.4218310484455
2025-05-13 21:20:00	2025-05-14 01:20:00	3966.72116617332	1.05902991966527	21.4092597256375	7.93047563161496	111.062152835335	-785.605197773961	97.396995676012
2025-05-13 21:30:00	2025-05-14 01:30:00	3973.46955065723	1.05883506094748	21.4140937199157	7.92614134541214	111.072767314842	-791.17160528289	97.4381288240607
2025-05-13 21:40:00	2025-05-14 01:40:00	3981.88284872147	1.05871816914047	21.3898861786215	7.92247243086818	111.060553550149	-782.45005952249	97.4054294186054
2025-05-13 21:50:00	2025-05-14 01:50:00	3987.50188351034	1.05857953184827	21.3839250872319	7.91869269396024	111.06610148439	-793.352736049164	97.4036426389234
2025-05-13 22:00:00	2025-05-14 02:00:00	3994.07830081773	1.05849600104589	21.3749834501476	7.91523019787811	111.059725182363	-789.919182234339	97.4051746587338
2025-05-13 22:10:00	2025-05-14 02:10:00	3999.98874054002	1.05828621128097	21.3705126316054	7.9163626147914	111.05223176392	-791.466907671728	97.4015501066829
2025-05-13 22:20:00	2025-05-14 02:20:00	4004.46825564883	1.05828034303579	21.3705126316054	7.9204071423024	111.037354877169	-787.457387819065	97.3931142266717
2025-05-13 22:30:00	2025-05-14 02:30:00	4010.63113205849	1.05818305853379	21.3705126316054	7.91688184269472	111.023118003834	-785.844782635619	97.37290473574
2025-05-13 22:40:00	2025-05-14 02:40:00	4019.09180525324	1.05812510961271	21.3675320859106	7.91429244259222	110.950219566331	-787.340120359599	97.3224855892211
2025-05-13 22:50:00	2025-05-14 02:50:00	4022.13235477051	1.05813216984518	21.3630612673684	7.94073487564821	110.956298484897	-793.489464545743	97.3227626393091
2025-05-13 23:00:00	2025-05-14 03:00:00	4022.33621025002	1.05805184823938	21.3638064037921	7.95107440661458	110.951044595317	-781.56205342606	97.3214217657386
2025-05-13 23:10:00	2025-05-14 03:10:00	4024.51984035371	1.05794787027023	21.3511390845892	7.94434349004173	110.949377613083	-821.251916722104	97.3290523480658
2025-05-13 23:20:00	2025-05-14 03:20:00	4028.85453806262	1.0578772679455	21.3362363561154	7.93829764956252	110.975222342605	-802.376926207965	97.3463620752186
2025-05-13 23:30:00	2025-05-14 03:30:00	4035.03565825002	1.0578162932105	21.3183530819467	7.93395414601465	110.975127014109	-779.440139778788	97.3699666002187
2025-05-13 23:40:00	2025-05-14 03:40:00	4041.26262406162	1.05776592461978	21.2901130376536	7.93016618162079	110.968388126727	-780.817666539427	97.3573540266389
2025-05-13 23:50:00	2025-05-14 03:50:00	4046.56665835624	1.05775733568478	21.2825865336093	7.92686750558478	110.934970115556	-790.716799783425	97.3110372729668
NA	2025-05-14 04:00:00	4050.87631826223	1.05769828646773	21.2810962607618	7.92362897293048	110.928158387962	-784.41645270726	97.3110364587124
2025-05-14 00:10:00	2025-05-14 04:10:00	4055.54247759909	1.05761585596132	21.2810962607618	7.92043341625011	110.927229165391	-774.366582619531	97.3040779416794
2025-05-14 00:20:00	2025-05-14 04:20:00	4061.01889924544	1.05748675456753	21.2796059879144	7.91765081961023	110.919758773154	-819.865738517181	97.3069731252767
2025-05-14 00:30:00	2025-05-14 04:30:00	4065.63864144378	1.05749592370061	21.2751351693722	7.91497126763513	110.91907996058	-794.229263322192	97.3030758997558
2025-05-14 00:40:00	2025-05-14 04:40:00	4068.92780668503	1.05750307562441	21.2728997601012	7.91461925533951	110.920827304275	-774.55332123513	97.3010371083112
2025-05-14 00:50:00	2025-05-14 04:50:00	4071.75654767785	1.05745191186181	21.2632129865931	7.92512824838493	110.926458363122	-769.410167789472	97.3052533180261
2025-05-14 01:00:00	2025-05-14 05:00:00	4075.98742729808	1.05738525226431	21.2453297124244	7.92311775418593	110.915914202553	-776.552822290549	97.292707997419
2025-05-14 01:10:00	2025-05-14 05:10:00	4078.63550456137	1.05735554427312	21.2386234846112	7.92071549491542	110.904730143701	-766.085185775085	97.2844255025961
2025-05-14 01:20:00	2025-05-14 05:20:00	4082.19362163978	1.05734353270878	21.2073277548159	7.91786511344391	110.904218961913	-792.801686799721	97.2840396477529
2025-05-14 01:30:00	2025-05-14 05:30:00	4085.71781405081	1.05747355101589	21.1916798899183	7.91485025119942	110.903587122801	-771.848678193393	97.283105392515
2025-05-14 01:40:00	2025-05-14 05:40:00	4089.81447711448	1.05761273845608	21.1916798899183	7.91696847835127	110.903076171274	-777.10092853333	97.2840525740428
2025-05-14 01:50:00	2025-05-14 05:50:00	4093.06597916281	1.05759126419229	21.1916798899183	7.92716656369953	110.903526204939	-784.620544316255	97.2835833915432
2025-05-14 02:00:00	2025-05-14 06:00:00	4096.02794983048	1.05774761640372	21.1916798899183	7.92380976503902	110.906079939937	-768.396338138338	97.2899046210147
2025-05-14 02:10:00	2025-05-14 06:10:00	4100.04316802946	1.0578201442464	21.1872090713761	7.92091367275887	110.90511214847	-785.443024055154	97.2849260655398
2025-05-14 02:20:00	2025-05-14 06:20:00	4103.79016238761	1.05780088906692	21.1797577071392	7.91778287305742	110.907396923829	-772.953828009982	97.2897508286992
2025-05-14 02:30:00	2025-05-14 06:30:00	4107.88803713789	1.05780418995483	21.1730514793259	7.91504032221144	110.904406625497	-765.357826426472	97.284090538658
2025-05-14 02:40:00	2025-05-14 06:40:00	4110.79672778357	1.05786287240656	21.1551682051572	7.91644309706987	110.9064455961	-788.433490038147	97.2887269036863
2025-05-14 02:50:00	2025-05-14 06:50:00	4115.13780275577	1.05803415181254	21.1305787031752	7.92375477532691	110.90164854646	-790.558304345804	97.2803015072015
2025-05-14 03:00:00	2025-05-14 07:00:00	4119.10625669549	1.05800719456127	21.1387752038358	7.92144188654765	110.899430662231	-770.461305942724	97.2770494765768
2025-05-14 03:10:00	2025-05-14 07:10:00	4119.48916629052	1.05790156614817	21.1357946581411	7.91866905717458	110.899175531861	-784.214113603655	97.2769062695695
2025-05-14 03:20:00	2025-05-14 07:20:00	4120.72776849841	1.05781262555727	21.1477168409202	7.91526565305661	110.904001594521	-779.598174417336	97.284864182199
2025-05-14 03:30:00	2025-05-14 07:30:00	4124.0889169318	1.05776278091701	21.1435904131622	7.91252886161493	110.911377831825	-799.101799702824	97.2809312483688
2025-05-14 03:40:00	2025-05-14 07:40:00	4127.4853092775	1.05761730786703	21.1517750632608	7.95376313659163	110.903951093864	-766.992413836263	97.2823784003723
2025-05-14 03:50:00	2025-05-14 07:50:00	4129.99445926284	1.05760760374155	21.1559133415809	7.95036393562724	110.90333302861	-770.240565890373	97.281830269994
2025-05-14 04:00:00	2025-05-14 08:00:00	4133.52667583753	1.05753495492795	21.1608725688714	7.94542882462513	110.901009189001	-760.179950695039	97.2815321887049
2025-05-14 04:10:00	2025-05-14 08:10:00	4136.61548664244	1.057554789535	21.1790125707154	7.94120692765286	110.900506331477	-766.775815632378	97.2815037539462
2025-05-14 04:20:00	2025-05-14 08:20:00	4138.45169806662	1.05758082987295	21.1857187985287	7.93712841005338	110.902637176644	-794.494308793881	97.2837090604326
2025-05-14 04:30:00	2025-05-14 08:30:00	4140.60082141592	1.05770213750363	21.184973662105	7.93343931338139	110.906444790182	-791.358852376594	97.2847776676602
2025-05-14 04:40:00	2025-05-14 08:40:00	4143.59131590579	1.05790816792399	21.1842285256814	7.93031222524132	110.906745742704	-772.47520031902	97.2891218171108
2025-05-14 04:50:00	2025-05-14 08:50:00	4147.15245665888	1.05775944458539	21.175286888597	7.92744074647352	110.903374936306	-800.593825606067	97.2862892293267
2025-05-14 05:00:00	2025-05-14 09:00:00	4149.53993611894	1.05775183420493	21.1745417521733	7.92498877181496	110.902135205338	-767.255019352002	97.2835280923736
2025-05-14 05:10:00	2025-05-14 09:10:00	4149.85645167429	1.0577395475666	21.1320689760226	7.92238794401031	110.903867812261	-768.357003217725	97.2842041271584
2025-05-14 05:20:00	2025-05-14 09:20:00	4152.81328928781	1.05766371883601	21.1275981574804	7.92012906821648	110.902428559211	-756.620360290003	97.2843259599855
2025-05-14 05:30:00	2025-05-14 09:30:00	4156.40619420432	1.05767637223967	21.1216370660909	7.91862109989456	110.902515252879	-756.616258784611	97.2815536270333
2025-05-14 05:40:00	2025-05-14 09:40:00	4160.62179632143	1.0575936682003	21.1112802959665	7.91712170953108	110.901629851695	-767.914293304744	97.2819070194663
2025-05-14 05:50:00	2025-05-14 09:50:00	4164.47828916001	1.05752911596237	21.116421111125	7.9153552188932	110.901210472877	-789.289819329544	97.2810619191072
2025-05-14 06:00:00	2025-05-14 10:00:00	4168.73170984837	1.05744329287672	21.1179113839724	7.91373092242365	110.900957299735	-761.667009670097	97.2789538142498
2025-05-14 06:10:00	2025-05-14 10:10:00	4172.14397700647	1.05752274996425	21.1293138497501	7.91230685738592	110.901449550692	-758.280114459621	97.2755717432496
2025-05-14 06:20:00	2025-05-14 10:20:00	4174.84998358786	1.05753975215674	21.148461977344	7.92287747942255	110.901754351879	-759.475868685823	97.2757371019132
2025-05-14 06:30:00	2025-05-14 10:30:00	4177.31366858681	1.05749033052943	21.1730514793259	7.92198396985529	110.900772284164	-767.924243702677	97.280386596795
2025-05-14 06:40:00	2025-05-14 10:40:00	4180.33829581497	1.05731932619744	21.1797577071392	7.92017878360452	110.90117627896	-778.072789683233	97.2823032500671
2025-05-14 06:50:00	2025-05-14 10:50:00	4184.01848878878	1.05712053939222	21.1834833892576	7.91830747295748	110.90093450379	-800.45926118321	97.2833699234402
2025-05-14 07:00:00	2025-05-14 11:00:00	4186.24149541328	1.05710715245792	21.184973662105	7.91660943362355	110.901339074242	-766.659345356501	97.2857927376555
2025-05-14 07:10:00	2025-05-14 11:10:00	4186.97733169598	1.05709119816636	21.1916798899183	7.91551315559743	110.901342067649	-759.890669442692	97.2809529107882
2025-05-14 07:20:00	2025-05-14 11:20:00	4190.44489587544	1.05703077357935	21.1901896170709	7.91447753229817	110.900275954279	-757.279692908053	97.2791398713992
2025-05-14 07:30:00	2025-05-14 11:30:00	4193.70343272056	1.05688324222805	21.1916798899183	7.91301547013023	110.900432417353	-797.916821800886	97.27977295426
2025-05-14 07:40:00	2025-05-14 11:40:00	4197.87157634215	1.05683611288401	21.1916798899183	7.91213788120786	110.900685360234	-797.662817256302	97.2800930580538
2025-05-14 07:50:00	2025-05-14 11:50:00	4200.43001836552	1.05664594506389	21.2036020726974	7.94455524438605	110.900385328761	-791.935408638044	97.2810531658715
2025-05-14 08:00:00	2025-05-14 12:00:00	4202.77164362953	1.05655874660827	21.2408588938823	7.94367267415761	110.900863698205	-771.942984427497	97.2786916243061
2025-05-14 08:10:00	2025-05-14 12:10:00	4204.56970068314	1.05647704963251	21.2736448965249	7.94054832085224	110.901657066156	-765.903237895281	97.2834254963087
2025-05-14 08:20:00	2025-05-14 12:20:00	4207.68162647098	1.05630421147391	21.2810962607618	7.93793489327341	110.902888047166	-772.429269399043	97.2834502292886
2025-05-14 08:30:00	2025-05-14 12:30:00	4210.33919837972	1.05616744422255	21.2825990569105	7.93545862848933	110.903618503264	-801.683626104361	97.28679562548
2025-05-14 08:40:00	2025-05-14 12:40:00	4213.55773828918	1.05619913320879	21.285567079304	7.93366786742461	110.903196252942	-780.460902410228	97.2857668850756
2025-05-14 08:50:00	2025-05-14 12:50:00	4216.55882071725	1.05609442170899	21.3019600806253	7.93216947102416	110.902370763433	-763.718056523352	97.2824503247832
2025-05-14 09:00:00	2025-05-14 13:00:00	4219.06325211797	1.05591342302195	21.3123919905571	7.93122351123417	110.902637752299	-771.221409461139	97.2824909357255
2025-05-14 09:10:00	2025-05-14 13:10:00	4219.36294175417	1.05580898659614	21.3459231296234	7.93054380713725	110.902415664536	-779.583805311373	97.2843000056238
2025-05-14 09:20:00	2025-05-14 13:20:00	4221.59863907719	1.0557008825171	21.3578453124025	7.92968741318386	110.90147700122	-807.175785568483	97.2787917776076
2025-05-14 09:30:00	2025-05-14 13:30:00	4223.49027692863	1.05560854934696	21.3705126316054	7.92861369754405	110.902313197916	-761.491969482118	97.2795921897647
2025-05-14 09:40:00	2025-05-14 13:40:00	4226.66049721017	1.05543967703105	21.3705126316054	7.92795510223434	110.902397727314	-756.251563061766	97.2829862487805
2025-05-14 09:50:00	2025-05-14 13:50:00	4230.30182921979	1.05520281520807	21.3705126316054	7.92746428558653	110.902077870083	-752.688237146673	97.2834836137225
2025-05-14 10:00:00	2025-05-14 14:00:00	4232.96123361755	1.0551264363295	21.3705126316054	7.92666971843199	110.901924745809	-746.069368884285	97.2830062570316
2025-05-14 10:10:00	2025-05-14 14:10:00	4235.72289160304	1.05500279480772	21.3840377969431	7.92632690706585	110.901923580954	-753.771493066584	97.2838855552237
2025-05-14 10:20:00	2025-05-14 14:20:00	4239.26118442219	1.05501842697291	21.3875091318484	7.92580902526678	110.900614881963	-745.391827150909	97.282532637668
2025-05-14 10:30:00	2025-05-14 14:30:00	4242.16649358366	1.05498697381532	21.4189464991457	7.92548406991462	110.900959717486	-742.23485283759	97.2812090956051
2025-05-14 10:40:00	2025-05-14 14:40:00	4244.55244412557	1.0549070967969	21.4208563025845	7.92494218769776	110.901827219181	-757.858698577645	97.2854445104356
2025-05-14 10:50:00	2025-05-14 14:50:00	4246.72621272744	1.05484641100517	21.4405554554328	7.92419733018581	110.902806189001	-753.18713283973	97.2847507972623
2025-05-14 11:00:00	2025-05-14 15:00:00	4249.63754593971	1.05479405525527	21.4509873653646	7.9236943159454	110.90249971019	-763.415181630688	97.286387855901
2025-05-14 11:10:00	2025-05-14 15:10:00	4250.07379493587	1.0547236363132	21.4554581839067	7.92317411131539	110.90193153854	-759.556993656876	97.2878632850249
2025-05-14 11:20:00	2025-05-14 15:20:00	4251.60425968593	1.0546055378791	21.4599290024489	7.92276720698033	110.90335755152	-750.044453698168	97.2786914207424
2025-05-14 11:30:00	2025-05-14 15:30:00	4253.98378947265	1.05455006462395	21.4599290024489	7.92219435678226	110.901738578928	-741.439782745145	97.2779742661063
2025-05-14 11:40:00	2025-05-14 15:40:00	4256.81525302058	1.05457500466594	21.4599290024489	7.92169192857784	110.900714027861	-761.65360749069	97.283329821407
2025-05-14 11:50:00	2025-05-14 15:50:00	4259.17620694542	1.05459719396799	21.4599290024489	7.92091953311896	110.901009338962	-748.930107224336	97.2847580237707
2025-05-14 12:00:00	2025-05-14 16:00:00	4262.01425481995	1.05460938891499	21.4673803666858	7.92036172451176	110.900602120496	-772.663912986872	97.2760100807288
2025-05-14 12:10:00	2025-05-14 16:10:00	4264.63586836087	1.05456858627278	21.4800476858887	7.91978203722693	110.900731412647	-735.527920063152	97.27545750728
2025-05-14 12:20:00	2025-05-14 16:20:00	4267.18310625537	1.05448606407504	21.5113434156839	7.91912079326427	110.901090736603	-727.773933940915	97.276779856561
2025-05-14 12:30:00	2025-05-14 16:30:00	4269.41592565798	1.0544326997205	21.5359329176659	7.9181976888786	110.902109991642	-748.220991845028	97.2811077209219
2025-05-14 12:40:00	2025-05-14 16:40:00	4271.93880526447	1.0543693410109	21.5433842819029	7.9176826609	110.903503537671	-741.783012924788	97.2808077699265
2025-05-14 12:50:00	2025-05-14 16:50:00	4274.18166237415	1.05422135120295	21.5493453732925	7.91688975418083	110.904527167689	-748.012409587945	97.2830469697558
2025-05-14 13:00:00	2025-05-14 17:00:00	4276.16078857857	1.05414179009584	21.5493453732925	7.91621783517011	110.904019623654	-738.096308652059	97.2824524331206
2025-05-14 13:10:00	2025-05-14 17:10:00	4276.51621958252	1.05409435870976	21.5538161918346	7.91577218351308	110.906136929799	-744.603740712345	97.2819416192947
2025-05-14 13:20:00	2025-05-14 17:20:00	4276.68381216425	1.05409692606703	21.5813862395114	7.91499314631277	110.913694015704	-736.62819552496	97.2797061853924
2025-05-14 13:30:00	2025-05-14 17:30:00	4279.10626362202	1.05389447160857	21.587347330901	7.91422094619922	110.912899841835	-734.726287609795	97.2806455297207
2025-05-14 13:40:00	2025-05-14 17:40:00	4281.39822612792	1.05378755951683	21.6231138792384	7.91345773197114	110.917063901053	-731.635189813085	97.2821341904799
2025-05-14 13:50:00	2025-05-14 17:50:00	4283.77458078881	1.05374914084922	21.6357811984412	7.91267576459078	110.914938467045	-733.899885208235	97.2924293188222
2025-05-14 14:00:00	2025-05-14 18:00:00	4286.65280863475	1.05381415000277	21.638761744136	7.91479994977538	110.906167324392	-734.621030866837	97.2980348502493
2025-05-14 14:10:00	2025-05-14 18:10:00	4288.01360447309	1.05394829441976	21.638761744136	7.92123042522134	110.905600994838	-725.714486659723	97.2909817779144
2025-05-14 14:20:00	2025-05-14 18:20:00	4289.92559060652	1.05401064452472	21.638761744136	7.91986916124682	110.906063015676	-743.158807703122	97.2885560120266
2025-05-14 14:30:00	2025-05-14 18:30:00	4291.99614553888	1.0540578655601	21.638761744136	7.91897848418694	110.904693416902	-755.306311036747	97.2912272756411
2025-05-14 14:40:00	2025-05-14 18:40:00	4293.38871953087	1.0540956423884	21.6417422898307	7.91774214355484	110.906565102112	-728.235519223292	97.2947572723901
2025-05-14 14:50:00	2025-05-14 18:50:00	4295.82071283664	1.05407666228292	21.6402520169834	7.91678963969609	110.907478551732	-722.660497442985	97.2897307776825
2025-05-14 15:00:00	2025-05-14 19:00:00	4298.05534104948	1.05399028904928	21.6506839269151	7.91593041323531	110.908087940292	-727.84043012193	97.2817447732733
2025-05-14 15:10:00	2025-05-14 19:10:00	4298.72596781248	1.05381589213806	21.6439776991018	7.91515967821178	110.91117137963	-731.108825222865	97.279333765748
2025-05-14 15:20:00	2025-05-14 19:20:00	4298.76090698545	1.05373384843037	21.6590494921426	7.91457417653047	110.912726083951	-724.31790408312	97.2787611917459
2025-05-14 15:30:00	2025-05-14 19:30:00	4300.89460750886	1.05380516425235	21.663351246118	7.91371744359546	110.907640195703	-722.33134507463	97.2791841464867
2025-05-14 15:40:00	2025-05-14 19:40:00	4302.94971613033	1.05381176602817	21.673038019626	7.91292365782227	110.903822220371	-732.378288497782	97.278586483696
2025-05-14 15:50:00	2025-05-14 19:50:00	4305.63455048405	1.05385541110164	21.680489383863	7.9120555431487	110.90152719835	-752.261728657931	97.2797113762647
2025-05-14 16:00:00	2025-05-14 20:00:00	4306.51670554039	1.05397176740046	21.6670769282365	7.94081809276138	110.902306405185	-727.750843052445	97.2807674643296
2025-05-14 16:10:00	2025-05-14 20:10:00	4306.58412869597	1.05395388759095	21.6737831560497	7.94864890124907	110.901826193644	-730.077683459107	97.2918894680997
2025-05-14 16:20:00	2025-05-14 20:20:00	4306.99444156848	1.05407281124702	21.6514290633389	7.94458249506043	110.901948808195	-716.339309318194	97.2876241995522
2025-05-14 16:30:00	2025-05-14 20:30:00	4307.82875112535	1.05413085185943	21.6439776991018	7.94132276743716	110.90173547039	-718.932351428853	97.2847276927913
2025-05-14 16:40:00	2025-05-14 20:40:00	4309.06375036182	1.05422318502957	21.638761744136	7.93890868977381	110.902935366021	-746.204877569495	97.2865342181444
2025-05-14 16:50:00	2025-05-14 20:50:00	4309.96806114877	1.05424590213467	21.638761744136	7.93637048081949	110.904220474096	-725.647324199197	97.2871423336705
2025-05-14 17:00:00	2025-05-14 21:00:00	4311.53917161939	1.05429623270905	21.638761744136	7.93528653520398	110.902767965498	-751.170356776313	97.2812081955511
2025-05-14 17:10:00	2025-05-14 21:10:00	4311.90857869759	1.05445626439252	21.638761744136	7.93407330666966	110.901808808858	-740.956101652181	97.2802114302993
2025-05-14 17:20:00	2025-05-14 21:20:00	4311.90857869759	1.05461498208617	21.6328006527464	7.93285015184775	110.901737312486	-724.50299973331	97.2795434362775
2025-05-14 17:30:00	2025-05-14 21:30:00	4312.08569766605	1.05472568665464	21.6169711999808	7.93161817201303	110.901163251739	-753.592296048897	97.2792317829399
2025-05-14 17:40:00	2025-05-14 21:40:00	4314.17034948889	1.05477846772903	21.6000146501038	7.9305094263581	110.900235888679	-724.215876940255	97.2778538582245
2025-05-14 17:50:00	2025-05-14 21:50:00	4315.58889893997	1.05472171079525	21.5746800116981	7.92927845772276	110.900756626343	-744.956570494939	97.2772296303812
2025-05-14 18:00:00	2025-05-14 22:00:00	4316.99411421897	1.05467659866049	21.5590321468005	7.92801975004968	110.900708271309	-732.532919211312	97.2774664766541
2025-05-14 18:10:00	2025-05-14 22:10:00	4319.20175998542	1.05466944673668	21.5575418739531	7.92721531795568	110.899830282048	-746.555197112458	97.2772334980901
2025-05-14 18:20:00	2025-05-14 22:20:00	4321.25942998357	1.05468631794155	21.5493453732925	7.92616484841088	110.899675085415	-718.237534419333	97.2784672971959
2025-05-14 18:30:00	2025-05-14 22:30:00	4322.82668596646	1.05471400872346	21.5493453732925	7.92510519763528	110.899862288475	-737.01557235522	97.2776373683137
2025-05-14 18:40:00	2025-05-14 22:40:00	4324.64129060706	1.05467549836452	21.5538161918346	7.92433426726642	110.899805759138	-725.788193755769	97.2765384301066
2025-05-14 18:50:00	2025-05-14 22:50:00	4326.5113176445	1.05458683284761	21.547855100445	7.92358775506456	110.899388409142	-740.203918319128	97.2760633126156
2025-05-14 19:00:00	2025-05-14 23:00:00	4328.31792661061	1.05460416250914	21.5433842819029	7.9226425766559	110.899244725612	-729.706243024227	97.2767754799432
2025-05-14 19:10:00	2025-05-14 23:10:00	4329.28299744461	1.05456950318609	21.5418940090555	7.92173822542249	110.898220750201	-737.883922621659	97.2766306444269
2025-05-14 19:20:00	2025-05-14 23:20:00	4330.07784119116	1.0545264082606	21.5404037362081	7.9210477773321	110.89764025953	-734.859257665476	97.2761418881733
2025-05-14 19:30:00	2025-05-14 23:30:00	4331.34608399118	1.05465679333303	21.5173045070736	7.9201705791004	110.897916919403	-713.851022475136	97.2763351718313
2025-05-14 19:40:00	2025-05-14 23:40:00	4333.36674150723	1.05475638398758	21.5050128869078	7.91934923732315	110.897431729171	-750.938423217056	97.2761465111202
2025-05-14 19:50:00	2025-05-14 23:50:00	4335.0719230126	1.05481074307748	21.4837733680072	7.91844099149469	110.89725480083	-748.91908204289	97.275637355739
2025-05-14 20:00:00	NA	4337.16570251969	1.05477122411389	21.4658900938385	7.91781119813115	110.895437572598	-713.498498659309	97.2753686517595
2025-05-14 20:10:00	2025-05-15 00:10:00	4339.63874977999	1.05476893183062	21.4599290024489	7.91731472795949	110.893626100917	-711.139045773805	97.2753008650737
2025-05-14 20:20:00	2025-05-15 00:20:00	4340.68681591513	1.05475526982233	21.4599290024489	7.91684384802686	110.895118774766	-747.447373303321	97.2751081921066
2025-05-14 20:30:00	2025-05-15 00:30:00	4342.72710941422	1.05475866240157	21.4599290024489	7.91587278636117	110.895120731994	-714.862352145175	97.2752596434405
2025-05-14 20:40:00	2025-05-15 00:40:00	4344.79789307346	1.05474619238058	21.4599290024489	7.91527473661474	110.893532729649	-710.353455879738	97.2754550645165
2025-05-14 20:50:00	2025-05-15 00:50:00	4346.56013131286	1.05484576916585	21.4599290024489	7.91444559333572	110.894292364208	-742.677934943727	97.2754696193154
2025-05-14 21:00:00	2025-05-15 01:00:00	4347.39971933717	1.05477562529777	21.4599290024489	7.91370064389656	110.894829450479	-737.323957631829	97.2751634596296
2025-05-14 21:10:00	2025-05-15 01:10:00	4348.29144220677	1.05475306923039	21.4599290024489	7.91317672770518	110.892482849755	-718.003794298286	97.2751778108649
2025-05-14 21:20:00	2025-05-15 01:20:00	4348.61004738478	1.05463194498238	21.4569484567542	7.91271327089531	110.890010180549	-722.276671139365	97.2753205089632
2025-05-14 21:30:00	2025-05-15 01:30:00	4350.43088093786	1.05449559997344	21.4502422289409	7.92176557376954	110.888412392067	-740.547124760998	97.2751839177735
2025-05-14 21:40:00	2025-05-15 01:40:00	4351.60492671063	1.05443590891708	21.4442811375513	7.92591685750672	110.884942342719	-712.716680804664	97.2751081921066
2025-05-14 21:50:00	2025-05-15 01:50:00	4353.67433250555	1.05439510627486	21.4174562262982	7.92459319750939	110.879973057052	-724.865701089315	97.275107479634
2025-05-14 22:00:00	2025-05-15 02:00:00	4355.69770048737	1.05443683584709	21.3787780104229	7.9233742705187	110.877158257115	-710.702034762641	97.2750803167202
2025-05-14 22:10:00	2025-05-15 02:10:00	4357.30488159451	1.05440610923456	21.3794542686897	7.92164934329458	110.874629595528	-724.587523380828	97.2750870214901
2025-05-14 22:20:00	2025-05-15 02:20:00	4357.87959692508	1.05439859054543	21.3727480408765	7.91915165782738	110.886504785974	-720.284104734245	97.2750870214901
2025-05-14 22:30:00	2025-05-15 02:30:00	4360.20594845033	1.05446286616834	21.3720029044528	7.91774302260885	110.874097114498	-724.169311780394	97.2750665633462
2025-05-14 22:40:00	2025-05-15 02:40:00	4362.65785789078	1.05446020711974	21.3705126316054	7.91678573278936	110.862148355321	-735.734306516627	97.2750802021088
2025-05-14 22:50:00	2025-05-15 02:50:00	4364.41948513258	1.0544642415383	21.3705126316054	7.9157809740532	110.859036478618	-713.29512702224	97.2750802021088
2025-05-14 23:00:00	2025-05-15 03:00:00	4365.66504738835	1.05450935367307	21.3772188594186	7.91473392305178	110.867766174099	-716.03439619779	97.2750870214901
2025-05-14 23:10:00	2025-05-15 03:10:00	4366.62820194691	1.05457803047985	21.369022358758	7.91405089808416	110.86767487519	-725.039121621634	97.2751211183966
2025-05-14 23:20:00	2025-05-15 03:20:00	4366.62820194691	1.05466165297356	21.3600807216736	7.91348674075355	110.868585907057	-719.148906714681	97.2750665633462
2025-05-14 23:30:00	2025-05-15 03:30:00	4367.21520293021	1.05470238626939	21.3509762816732	7.91240505535235	110.863149925653	-734.518270815106	97.2750665633462
2025-05-14 23:40:00	2025-05-15 03:40:00	4367.78855173904	1.05467960856103	21.318784152605	7.92826320845772	110.871070698324	-742.486217907283	97.2750665633462
2025-05-14 23:50:00	2025-05-15 03:50:00	4367.78855173904	1.05466559570079	21.3138822634045	7.92780955846805	110.879276744562	-732.044464798208	97.2750733827274
NA	2025-05-15 04:00:00	4368.39314723976	1.05463634616626	21.2967441256595	7.92574925120836	110.881302244834	-718.392646687576	97.2750665633462
2025-05-15 00:10:00	2025-05-15 04:10:00	4370.39031723009	1.05453012984991	21.2810962607618	7.92405239789968	110.875615423868	-725.765162948994	97.2750734400332
2025-05-15 00:20:00	2025-05-15 04:20:00	4372.40423800769	1.05451430500493	21.2810962607618	7.92262812110104	110.871050977615	-738.391171505679	97.2750733827274
2025-05-15 00:30:00	2025-05-15 04:30:00	4373.65242488689	1.05452970914851	21.2773705786433	7.92107229317177	110.866632478813	-731.787183248152	97.2750733827274
2025-05-15 00:40:00	2025-05-15 04:40:00	4375.22407570432	1.05454988124129	21.2728997601012	7.91969872244109	110.865977037839	-755.535459389863	97.2750665633462
2025-05-15 00:50:00	2025-05-15 04:50:00	4377.50133047553	1.05459591028936	21.2594873044746	7.91858007737399	110.857299036192	-747.62834030019	97.2750665633462
2025-05-15 01:00:00	2025-05-15 05:00:00	4379.1663720018	1.05464624882998	21.2624678501695	7.91752980317452	110.861705791629	-727.255268977556	97.2750802021088
2025-05-15 01:10:00	2025-05-15 05:10:00	4380.09465582717	1.05473161345898	21.2348978024927	7.91661666140098	110.861920741268	-723.858166600043	97.2750665633462
2025-05-15 01:20:00	2025-05-15 05:20:00	4380.09465582717	1.05477562529777	21.2371332117637	7.91568945476325	110.855587843642	-718.582626880914	97.2750665633462
2025-05-15 01:30:00	2025-05-15 05:30:00	4380.71157545111	1.05480239916637	21.2334075296453	7.91473030916307	110.851700674559	-713.352719152825	97.2750665633462
2025-05-15 01:40:00	2025-05-15 05:40:00	4382.00618781431	1.05490293601382	21.2134704340735	7.91354265466249	110.855183593429	-768.094996083695	97.2750665633462
2025-05-15 01:50:00	2025-05-15 05:50:00	4383.43294235383	1.05495506523219	21.2147791190529	7.91247250776858	110.8606609775	-722.066657100953	97.2750665633462
2025-05-15 02:00:00	2025-05-15 06:00:00	4385.08164901453	1.05506995446971	21.1916798899183	7.91440769634052	110.862505722049	-720.337614564371	97.2750665633462
2025-05-15 02:10:00	2025-05-15 06:10:00	4386.08653967782	1.05519795556754	21.1916798899183	7.91586526556573	110.862426166505	-717.831970041708	97.2750665633462
2025-05-15 02:20:00	2025-05-15 06:20:00	4387.56260758158	1.05529551514354	21.1901896170709	7.91516163166515	110.856876275037	-727.123839133534	97.2750665633462
2025-05-15 02:30:00	2025-05-15 06:30:00	4389.45088244053	1.05543320470182	21.1879228995467	7.91423348769812	110.852758527519	-730.856085125403	97.2750665633462
2025-05-15 02:40:00	2025-05-15 06:40:00	4391.19271929144	1.05560983302559	21.1805028435629	7.91320886201295	110.840474247487	-714.865318293182	97.2750665633462
2025-05-15 02:50:00	2025-05-15 06:50:00	4392.82814355556	1.05572829822502	21.1596390236994	7.9121686480983	110.832181474278	-721.548265062337	97.2750665633462
2025-05-15 03:00:00	2025-05-15 07:00:00	4393.57609825455	1.05584492959782	21.158148750852	7.93597509118913	110.84461551076	-722.655780902641	97.2750665633462
2025-05-15 03:10:00	2025-05-15 07:10:00	4393.57609825455	1.05586060881539	21.1350495217174	7.93394340202116	110.851647484022	-727.110743159464	97.2750665633462
2025-05-15 03:20:00	2025-05-15 07:20:00	4393.57609825455	1.05584392099318	21.1305787031752	7.93166714049242	110.85663818406	-722.340623800153	97.2750665633462
2025-05-15 03:30:00	2025-05-15 07:30:00	4393.57609825455	1.055911497504	21.1171662475487	7.92981477834298	110.859787248087	-738.649292108461	97.2750733827274
2025-05-15 03:40:00	2025-05-15 07:40:00	4393.57609825455	1.05597879894082	21.1141857018539	7.92811498090102	110.862179210438	-720.378570094926	97.2750665633462
2025-05-15 03:50:00	2025-05-15 07:50:00	4393.61291467756	1.05600245530418	21.1037537919222	7.92630911094157	110.86119794864	-729.513254813745	97.2750802021088
2025-05-15 04:00:00	2025-05-15 08:00:00	4394.7351493183	1.05597494790493	21.1022635190748	7.92473492055072	110.857889658394	-711.864837236575	97.2750733827274
2025-05-15 04:10:00	2025-05-15 08:10:00	4396.8511539311	1.05604885111757	21.1007732462273	7.92339748870721	110.844486448872	-760.506728459158	97.2750665633462
2025-05-15 04:20:00	2025-05-15 08:20:00	4398.82180141524	1.05597714849687	21.0948121548378	7.92207822397995	110.830249460405	-729.487323384678	97.2750665633462
2025-05-15 04:30:00	2025-05-15 08:30:00	4399.44768060636	1.05601584223848	21.0977927005326	7.9205752369641	110.84167218589	-736.314906072247	97.2750665633462
2025-05-15 04:40:00	2025-05-15 08:40:00	4400.40365379449	1.05619157676441	21.1000093248518	7.91893586032707	110.85481532892	-742.215968863612	97.2750734400332
2025-05-15 04:50:00	2025-05-15 08:50:00	4400.98241966563	1.05626414236234	21.057555333653	7.91737303854231	110.863501490358	-715.395224225075	97.2750665633462
2025-05-15 05:00:00	2025-05-15 09:00:00	4403.52451616604	1.0562631337577	20.9621778714199	7.91641193948877	110.840654427554	-716.713250092025	97.2750665633462
2025-05-15 05:10:00	2025-05-15 09:10:00	4404.91882583923	1.05649401252871	20.9606875985725	7.91559695874661	110.818622492467	-725.026013241895	97.2750665633462
2025-05-15 05:20:00	2025-05-15 09:20:00	4404.97889473992	1.05663750946145	20.9517459614882	7.91506044278105	110.822384398986	-713.881989294126	97.2750665633462
2025-05-15 05:30:00	2025-05-15 09:30:00	4404.97889473992	1.05672938417494	20.9748451906227	7.91395039290874	110.835704483901	-712.021855564458	97.2750665633462
2025-05-15 05:40:00	2025-05-15 09:40:00	4405.10897437068	1.0567828402208	20.998689556181	7.91268299236822	110.851589112588	-709.447073168761	97.2750733827274
2025-05-15 05:50:00	2025-05-15 09:50:00	4406.47384187288	1.05686948852843	21.0128471482312	7.91893775468436	110.861578571837	-724.456113934591	97.2750665633462
2025-05-15 06:00:00	2025-05-15 10:00:00	4406.93203419348	1.05699024601112	21.0515942422634	7.93098548294215	110.870449533096	-737.266505780744	97.2750665633462
2025-05-15 06:10:00	2025-05-15 10:10:00	4408.15128929357	1.05706809195099	21.0843802449061	7.92868802644444	110.870223991401	-724.451603399942	97.2750733827274
2025-05-15 06:20:00	2025-05-15 10:20:00	4409.93030094027	1.05710660230994	21.1022635190748	7.92687815190559	110.861035383621	-729.663254753054	97.2750665633462
2025-05-15 06:30:00	2025-05-15 10:30:00	4412.47242468484	1.05712035600956	21.1022635190748	7.92519984245062	110.839745468045	-721.93930729097	97.2750665633462
2025-05-15 06:40:00	2025-05-15 10:40:00	4413.76611592653	1.05711870556561	21.108969746888	7.92334259666777	110.852588795351	-744.777898308468	97.2750665633462
2025-05-15 06:50:00	2025-05-15 10:50:00	4415.171879964	1.05709890023815	21.1529327958861	7.92174916476131	110.864927157945	-713.941533647758	97.2750665633462
2025-05-15 07:00:00	2025-05-15 11:00:00	4416.48498131046	1.05714199208157	21.1834145111008	7.92023262504719	110.871939860787	-711.388574690226	97.2750665633462
2025-05-15 07:10:00	2025-05-15 11:10:00	4417.75018076595	1.05712145630553	21.1916798899183	7.91886879778072	110.875399246486	-712.117135405095	97.2750665633462
2025-05-15 07:20:00	2025-05-15 11:20:00	4417.83366510544	1.0570933987583	21.1931701627657	7.91792713558812	110.87898235451	-757.284550801465	97.2750733827274
2025-05-15 07:30:00	2025-05-15 11:30:00	4420.36423744539	1.05702059584163	21.2267013018321	7.91717779087889	110.877657541708	-721.853455640324	97.2751279377779
2025-05-15 07:40:00	2025-05-15 11:40:00	4422.13837378385	1.0569327555467	21.2766254422197	7.91595356165764	110.884862787174	-750.905067359306	97.275155215303
2025-05-15 07:50:00	2025-05-15 11:50:00	4424.0412015414	1.0568925947438	21.2840768064566	7.91474632748062	110.890849600914	-732.20451834028	97.2751142990152
2025-05-15 08:00:00	2025-05-15 12:00:00	4424.91575016972	1.0569107496273	21.3243141733362	7.91370777400132	110.895668064927	-712.097261521595	97.2750938408713
2025-05-15 08:10:00	2025-05-15 12:10:00	4427.37322768723	1.05692248611765	21.3675320859106	7.91267644829945	110.894799631541	-716.903738440695	97.2754218836464
2025-05-15 08:20:00	2025-05-15 12:20:00	4428.9385601089	1.05684913305299	21.3705126316054	7.9237777284039	110.89509137358	-711.649604586038	97.275669009882
2025-05-15 08:30:00	2025-05-15 12:30:00	4429.21052031287	1.05685078349694	21.4018083614006	7.93064704714738	110.897475967545	-712.024232204564	97.2752445797326
2025-05-15 08:40:00	2025-05-15 12:40:00	4429.95535418057	1.05678494912141	21.4457714103987	7.92831755401455	110.898474614129	-711.955849526698	97.2752378621331
2025-05-15 08:50:00	2025-05-15 12:50:00	4432.04754755864	1.0566929827166	21.4599290024489	7.92619668970066	110.899219627047	-734.602619420985	97.275906873973
2025-05-15 09:00:00	2025-05-15 13:00:00	4434.36475655846	1.05671764768459	21.4599290024489	7.92461400178768	110.899127982744	-728.330462321557	97.2771587902412
2025-05-15 09:10:00	2025-05-15 13:10:00	4437.14565596402	1.05666257740899	21.4734541677866	7.92361587494361	110.898731800411	-711.384369432696	97.2763418295591
2025-05-15 09:20:00	2025-05-15 13:20:00	4437.56687948233	1.05663595070883	21.5217753256157	7.92294633865352	110.897965274437	-740.797353091176	97.2766310515542
2025-05-15 09:30:00	2025-05-15 13:30:00	4438.27915929996	1.05656131396554	21.547855100445	7.92197322586181	110.898646850155	-721.702865715973	97.2771350750793
2025-05-15 09:40:00	2025-05-15 13:40:00	4441.05234535682	1.05650804130233	21.5553064646821	7.9212180207925	110.897671805433	-721.936934229423	97.2757293664957
2025-05-15 09:50:00	2025-05-15 13:50:00	4443.19068106789	1.05647824161981	21.5903278765957	7.92016247226895	110.898761175271	-727.805101278477	97.2780798138436
2025-05-15 10:00:00	2025-05-15 14:00:00	4446.58863833532	1.05635849274176	21.638761744136	7.91945405240764	110.89891591138	-717.367995952126	97.2788682157471
2025-05-15 10:10:00	2025-05-15 14:10:00	4448.93379681332	1.05622627384271	21.638761744136	7.91849646957015	110.899055910717	-714.600774416136	97.2814787156209
2025-05-15 10:20:00	2025-05-15 14:20:00	4450.73847500995	1.05613265699394	21.6447228355256	7.91766175894905	110.899517125637	-718.454856828856	97.2806575399743
2025-05-15 10:30:00	2025-05-15 14:30:00	4452.2630455282	1.0560504098702	21.6551547454573	7.91694376716626	110.899643539512	-735.916669270668	97.2806699573552
2025-05-15 10:40:00	2025-05-15 14:40:00	4454.42573332662	1.05603564756593	21.6439776991018	7.91624931449648	110.899003986621	-724.064565220618	97.2790881662395
2025-05-15 10:50:00	2025-05-15 14:50:00	4456.22267678031	1.05602904579011	21.6417422898307	7.91531712655267	110.899182900247	-714.435129018266	97.2772774678322
2025-05-15 11:00:00	2025-05-15 15:00:00	4456.57396164929	1.05602996270342	21.6819796567103	7.91371392737941	110.902653755513	-709.845582060087	97.2770132422522
2025-05-15 11:10:00	2025-05-15 15:10:00	4456.91173531732	1.05600245530418	21.7266878421321	7.91889262991173	110.912827309284	-709.158871798119	97.2802386060426
2025-05-15 11:20:00	2025-05-15 15:20:00	4457.03719285932	1.05596106938181	21.7326865034254	7.92844077342035	110.924360316754	-711.064266336088	97.2881019907402
2025-05-15 11:30:00	2025-05-15 15:30:00	4457.03719285932	1.05589957763099	21.7930049838411	7.926055650368	110.925633564398	-726.807649616865	97.2846090152003
2025-05-15 11:40:00	2025-05-15 15:40:00	4457.07976210032	1.05580293496831	21.8198298950942	7.92401155677119	110.937939114647	-725.182602619876	97.2870315240701
2025-05-15 11:50:00	2025-05-15 15:50:00	4457.95833569378	1.05577001778054	21.8287715321785	7.92241236217733	110.942188601092	-735.122270754403	97.2847147665014
2025-05-15 12:00:00	2025-05-15 16:00:00	4460.02905529245	1.05580687769553	21.8757151268714	7.92103136832387	110.943686340706	-726.903290414788	97.284060513024
2025-05-15 12:10:00	2025-05-15 16:10:00	4461.51799328759	1.05590489572818	21.9017949017008	7.92004643713932	110.940629036113	-721.205418265614	97.2868736604822
2025-05-15 12:20:00	2025-05-15 16:20:00	4464.68817145381	1.05595376720751	21.9062657202429	7.91929377155938	110.91396756704	-710.221300900442	97.3018480039949
2025-05-15 12:30:00	2025-05-15 16:30:00	4467.24798355192	1.05618024479464	21.9070108566666	7.9185452082315	110.904187416009	-709.282224358054	97.2988394354607
2025-05-15 12:40:00	2025-05-15 16:40:00	4468.97885795807	1.05642185145136	21.9070108566666	7.91761321563302	110.901184683526	-716.005655838727	97.2888828334199
2025-05-15 12:50:00	2025-05-15 16:50:00	4469.96891885024	1.0565161178446	21.9182818277813	7.91692797292129	110.900934189357	-731.122155714821	97.2878130672482
2025-05-15 13:00:00	2025-05-15 17:00:00	4471.3014746851	1.05650882787755	21.919573487281	7.91612577310121	110.901023073809	-726.63431815221	97.288965382674
2025-05-15 13:10:00	2025-05-15 17:10:00	4472.72727986333	1.05651005851161	21.9114816752088	7.91532357294876	110.90025051032	-749.39824234267	97.2892818181168
2025-05-15 13:20:00	2025-05-15 17:20:00	4473.00328809114	1.05658891305611	21.9070108566666	7.9146171065408	110.899524724285	-715.170931141094	97.2822359722904
2025-05-15 13:30:00	2025-05-15 17:30:00	4473.00328809114	1.05664365278062	21.9070108566666	7.91390321701008	110.899192916647	-709.858584633775	97.2790475552972
2025-05-15 13:40:00	2025-05-15 17:40:00	4473.00328809114	1.05670723648071	21.905508060518	7.91248562299179	110.899482145153	-723.263151637724	97.27968862076
2025-05-15 13:50:00	2025-05-15 17:50:00	4473.00328809114	1.0570214210636	21.9025400381244	7.92801467107095	110.898538511853	-720.907447549055	97.2798636418531
2025-05-15 14:00:00	2025-05-15 18:00:00	4473.00328809114	1.05721424793232	21.8623026712448	7.93676760721763	110.899529214396	-722.591209270487	97.2759820907309
2025-05-15 14:10:00	2025-05-15 18:10:00	4473.00328809114	1.05715684915923	21.8280263957548	7.93396342491812	110.899554312961	-715.351986528363	97.2759061615004
2025-05-15 14:20:00	2025-05-15 18:20:00	4473.20063927133	1.05707001746894	21.8175944858231	7.93151184095023	110.898793066568	-709.206101973469	97.2773889189146
2025-05-15 14:30:00	2025-05-15 18:30:00	4475.4621719185	1.05698446945728	21.8175944858231	7.929816243433	110.896444508616	-709.765774595055	97.2775687673736
2025-05-15 14:40:00	2025-05-15 18:40:00	4476.43005994519	1.0570092261166	21.8198298950942	7.92800216896943	110.897395030428	-719.045193404081	97.2774269853116
2025-05-15 14:50:00	2025-05-15 18:50:00	4478.06435576657	1.05698767865386	21.8347326235681	7.92636810523308	110.897762758949	-726.120479390822	97.2787494363744
2025-05-15 15:00:00	2025-05-15 19:00:00	4479.66793262341	1.05695632021872	21.8950886738875	7.92475992475374	110.899177028564	-735.635065330813	97.2801464935043
2025-05-15 15:10:00	2025-05-15 19:10:00	4481.28167170435	1.05702087091562	21.915952493751	7.9235812109958	110.899363771101	-742.098022113517	97.2811446677191
2025-05-15 15:20:00	2025-05-15 19:20:00	4481.81243810815	1.05717986368326	21.9897209996969	7.92253699250175	110.900372434085	-729.596786484798	97.2831456981119
2025-05-15 15:30:00	2025-05-15 19:30:00	4481.87613218638	1.05736306296225	22.0113299559841	7.92138406432817	110.901754351879	-751.243985733592	97.2906397910314
2025-05-15 15:40:00	2025-05-15 19:40:00	4483.30334613918	1.05737471854848	22.0633016561242	7.92024424727391	110.903576243402	-722.671981080901	97.2965904910921
2025-05-15 15:50:00	2025-05-15 19:50:00	4485.05696804824	1.0574075332577	22.0858435983537	7.91946919167118	110.905490584177	-722.442270015971	97.2891497053268
2025-05-15 16:00:00	2025-05-15 20:00:00	4486.21358376373	1.05745429583642	22.0858435983537	7.91880443149249	110.908291952483	-732.852467921016	97.2958457270707
2025-05-15 16:10:00	2025-05-15 20:10:00	4487.45411422209	1.05752168896457	22.1000011904039	7.91779127290687	110.910504310422	-709.90933300945	97.3002194950281
2025-05-15 16:20:00	2025-05-15 20:20:00	4488.65465968105	1.05758468090884	22.1119233731831	7.91679217918545	110.91486109899	-718.067744215512	97.3001179167814
2025-05-15 16:30:00	2025-05-15 20:30:00	4489.92082847632	1.0576812318802	22.1238455559622	7.91590277187026	110.914354522443	-726.328235597274	97.2969030365174
2025-05-15 16:40:00	2025-05-15 20:40:00	4491.23522209648	1.05775825259809	22.1104331003356	7.9151299857207	110.909733393022	-759.118203077595	97.2913721111573
2025-05-15 16:50:00	2025-05-15 20:50:00	4492.09266813993	1.05792531420285	22.0925498261669	7.91426167570179	110.909410220211	-710.550787983319	97.2941699913439
2025-05-15 17:00:00	2025-05-15 21:00:00	4493.91084711264	1.05805083963475	22.0858435983537	7.91347101545399	110.902467934025	-751.469613619962	97.2869136607337
2025-05-15 17:10:00	2025-05-15 21:10:00	4495.25641203554	1.05814353957021	22.0836081890826	7.91272958223088	110.900681445779	-724.201136499186	97.281451743441
2025-05-15 17:20:00	2025-05-15 21:20:00	4495.49188933454	1.058284835911	22.0634895056428	7.91216874577097	110.899851926682	-726.552877471442	97.2846426031977
2025-05-15 17:30:00	2025-05-15 21:30:00	4495.49188933454	1.05843887734678	22.0068591374419	7.92461927611176	110.899724016104	-735.09977676952	97.2817433483279
2025-05-15 17:40:00	2025-05-15 21:40:00	4495.49188933454	1.05853478647882	21.9964272275101	7.92610282626667	110.900227829507	-710.390108074192	97.2846694735957
2025-05-15 17:50:00	2025-05-15 21:50:00	4495.49188933454	1.05859328554789	21.9964272275101	7.9243883779245	110.900217582845	-726.775820603803	97.2828936863494
2025-05-15 18:00:00	2025-05-15 22:00:00	4495.49188933454	1.05867084870861	21.9798964698752	7.92282162378889	110.89932692143	-720.939709923568	97.2806351402783
2025-05-15 18:10:00	2025-05-15 22:10:00	4495.66400719722	1.05866306265064	21.9204233122931	7.92140828714984	110.899044512745	-720.77931427329	97.2813139308698
2025-05-15 18:20:00	2025-05-15 22:20:00	4496.03725263622	1.05877245040832	21.9107365387851	7.91978643249699	110.899407866287	-722.732938325684	97.283077504299
2025-05-15 18:30:00	2025-05-15 22:30:00	4497.39294095158	1.05884708715161	21.9070108566666	7.91883480769224	110.898187016808	-731.705072264896	97.2789597175947
2025-05-15 18:40:00	2025-05-15 22:40:00	4498.54361705417	1.05894547194958	21.8846567639557	7.91778658461881	110.896647599759	-757.827209165794	97.2774465274192
2025-05-15 18:50:00	2025-05-15 22:50:00	4499.6324143607	1.05898141495126	21.8444193970761	7.91652074684097	110.896615247939	-727.998747943755	97.2777620510316
2025-05-15 19:00:00	2025-05-15 23:00:00	4501.31299311506	1.05893822833444	21.8175944858231	7.91567138531966	110.895954395807	-711.125516197709	97.2772144648914
2025-05-15 19:10:00	2025-05-15 23:10:00	4502.21016884569	1.05897224581818	21.8175944858231	7.91481049842353	110.895232754489	-726.186669127928	97.2765955297023
2025-05-15 19:20:00	2025-05-15 23:20:00	4503.14976267621	1.05895950072319	21.8146139401283	7.91430347960372	110.893747679289	-716.12411758251	97.2760957810132
2025-05-15 19:30:00	2025-05-15 23:30:00	4503.14976267621	1.05893149865307	21.7950525435936	7.91374121745118	110.891212911886	-739.075518505535	97.2756824887018
2025-05-15 19:40:00	2025-05-15 23:40:00	4503.14976267621	1.05886273378465	21.7518254196654	7.91286101977521	110.890054188198	-761.210655227083	97.2755556207393
2025-05-15 19:50:00	2025-05-15 23:50:00	4503.5346150545	1.05886148269054	21.7326489335217	7.9128875189351	110.887273976408	-731.246133923091	97.2755743527984
2025-05-15 20:00:00	NA	4504.26563722174	1.0589264918441	21.7281781149795	7.91497116996246	110.886042650005	-710.128069784651	97.2754182195012
2025-05-15 20:10:00	2025-05-16 00:10:00	4505.26482726884	1.05901671611363	21.7222170235899	7.91443309123421	110.883779173888	-731.823932540831	97.2753420867069
2025-05-15 20:20:00	2025-05-16 00:20:00	4506.6607170837	1.05904763073191	21.6981221920069	7.91353201737024	110.883376610005	-708.515708020379	97.2752828197575
2025-05-15 20:30:00	2025-05-16 00:30:00	4508.02778800989	1.05906696296292	21.6588804275758	7.91282578980889	110.876932791852	-731.619459781255	97.2752320605699
2025-05-15 20:40:00	2025-05-16 00:40:00	4509.13404688081	1.05914737626005	21.638761744136	7.9120344458524	110.873043550411	-722.073243318924	97.2752305338428
2025-05-15 20:50:00	2025-05-16 00:50:00	4509.88435453678	1.05920587532911	21.6372714712886	7.92610175186732	110.872126301467	-711.817328172219	97.2751977600998
2025-05-15 21:00:00	2025-05-16 01:00:00	4509.92883443388	1.05920587532911	21.638761744136	7.92440156373469	110.87321394434	-706.292990234246	97.2751415765405
2025-05-15 21:10:00	2025-05-16 01:10:00	4510.5865550254	1.05919258008614	21.6178979242725	7.9228003180148	110.870341540186	-718.390380147791	97.2751756734469
2025-05-15 21:20:00	2025-05-16 01:20:00	4511.27904744956	1.05919854002265	21.5731897388508	7.92177035973028	110.865335527721	-730.842203276792	97.275107479634
2025-05-15 21:30:00	2025-05-16 01:30:00	4511.27904744956	1.05925052900722	21.5545613282583	7.92086854798624	110.860636224328	-707.326093167448	97.2751145025789
2025-05-15 21:40:00	2025-05-16 01:40:00	4511.27904744956	1.05930301035113	21.5493453732925	7.91974843126289	110.862685995963	-713.221956669901	97.2750734400332
2025-05-15 21:50:00	2025-05-16 01:50:00	4511.27904744956	1.05929289040206	21.5493453732925	7.9187157447099	110.860027411423	-709.537194039916	97.2750665633462
2025-05-15 22:00:00	2025-05-16 02:00:00	4511.34673424949	1.05928903936617	21.5433842819029	7.91781940263527	110.860654990686	-703.853118308033	97.2750938408713
2025-05-15 22:10:00	2025-05-16 02:10:00	4512.33425383929	1.05936358441813	21.5068725971418	7.91685693616437	110.852644864165	-720.855583140211	97.2750665633462
2025-05-15 22:20:00	2025-05-16 02:20:00	4513.72522050376	1.05937376215585	21.4688706395333	7.91614968837507	110.844939028964	-704.575955789894	97.2750870214901
2025-05-15 22:30:00	2025-05-16 02:30:00	4515.28158960038	1.05938696570749	21.4599290024489	7.91548268008344	110.838287659549	-725.869783886323	97.2750665633462
2025-05-15 22:40:00	2025-05-16 02:40:00	4516.06448610633	1.05949286919459	21.4599290024489	7.91475609474743	110.839872802968	-719.805271156875	97.2750733827274
2025-05-15 22:50:00	2025-05-16 02:50:00	4517.36844041037	1.05952596976501	21.4599290024489	7.91405070273882	110.83385950909	-713.00720263204	97.2750665633462
2025-05-15 23:00:00	2025-05-16 03:00:00	4518.56788071783	1.05948837631938	21.4509873653646	7.91342159308395	110.827053422916	-705.747073353666	97.2750665633462
2025-05-15 23:10:00	2025-05-16 03:10:00	4519.46519666089	1.05944445617191	21.445026273975	7.91267146699338	110.825635814501	-705.39965459037	97.2750665633462
2025-05-15 23:20:00	2025-05-16 03:20:00	4520.12498288627	1.05950653120288	21.4211819084167	7.91222129366637	110.826466830301	-745.783340414476	97.2750665633462
2025-05-15 23:30:00	2025-05-16 03:30:00	4520.12498288627	1.05954568340114	21.376473722995	7.91189780178982	110.819246963193	-707.138963892528	97.2750665633462
2025-05-15 23:40:00	2025-05-16 03:40:00	4520.12498288627	1.05957667507096	21.3801994051134	7.9306154988756	110.821467380304	-703.553373342078	97.2750665633462
2025-05-15 23:50:00	2025-05-16 03:50:00	4520.12498288627	1.05962297919302	21.3705126316054	7.92946051957598	110.814576442558	-741.271061456802	97.2750665633462
NA	2025-05-16 04:00:00	4520.12498288627	1.05970568477343	21.3734931773001	7.92772487626486	110.810195015949	-723.860505426714	97.2750665633462
2025-05-16 00:10:00	2025-05-16 04:10:00	4520.12498288627	1.05976400045983	21.3578453124025	7.9262897717533	110.808374448917	-720.517414235398	97.2750665633462
2025-05-16 00:20:00	2025-05-16 04:20:00	4520.12498288627	1.05982974314403	21.3213336276414	7.9250452266171	110.801159532443	-717.866860273152	97.2750665633462
2025-05-16 00:30:00	2025-05-16 04:30:00	4520.12498288627	1.05991208195911	21.2870573521514	7.92379804431886	110.803480113554	-703.45609022429	97.2750665633462
2025-05-16 00:40:00	2025-05-16 04:40:00	4520.42142755193	1.05992370672472	21.2810962607618	7.92259696023682	110.795210464268	-715.04415983369	97.2750803167202
2025-05-16 00:50:00	2025-05-16 04:50:00	4521.42487940043	1.05996462109167	21.2810962607618	7.92139324555897	110.791111241236	-701.293490631216	97.2750665633462
2025-05-16 01:00:00	2025-05-16 05:00:00	4522.26723307444	1.06000624895586	21.2714094872538	7.92034560852153	110.795642798713	-705.259927738757	97.2750665633462
2025-05-16 01:10:00	2025-05-16 05:10:00	4523.45190267174	1.06005136109062	21.2565067587799	7.91959714286632	110.802360464253	-709.212324490592	97.2750665633462
2025-05-16 01:20:00	2025-05-16 05:20:00	4524.25720096478	1.06004448424081	21.2281915746794	7.91907566849163	110.798892602395	-740.197974333156	97.2750665633462
2025-05-16 01:30:00	2025-05-16 05:30:00	4524.32723111066	1.06012223848935	21.1976409813079	7.91853739441805	110.792195084785	-712.015609190278	97.2750665633462
2025-05-16 01:40:00	2025-05-16 05:40:00	4524.32723111066	1.06023336144767	21.1931826860669	7.91792561304359	110.795591383516	-700.640298146254	97.2750665633462
2025-05-16 01:50:00	2025-05-16 05:50:00	4524.32723111066	1.06035210865572	21.1916798899183	7.91730417931134	110.778286219764	-727.745282210822	97.2750665633462
2025-05-16 02:00:00	2025-05-16 06:00:00	4524.40168120376	1.06050706700481	21.1886993442236	7.91649984489001	110.760942190098	-728.629829272429	97.2750665633462
2025-05-16 02:10:00	2025-05-16 06:10:00	4525.15565291709	1.06062031427405	21.176651928432	7.91569345605953	110.745845373081	-705.130391266028	97.2750665633462
2025-05-16 02:20:00	2025-05-16 06:20:00	4525.7598156077	1.06070241045956	21.1406903891894	7.91500397425632	110.733208269739	-701.156862594539	97.2750665633462
2025-05-16 02:30:00	2025-05-16 06:30:00	4526.67518724926	1.06080167125074	21.1104600197355	7.91434616255966	110.736329592896	-708.542239973694	97.2750665633462
2025-05-16 02:40:00	2025-05-16 06:40:00	4527.54891680906	1.06091729401891	21.1022635190748	7.91376940545485	110.740194196296	-736.012855321648	97.2750665633462
2025-05-16 02:50:00	2025-05-16 06:50:00	4528.59851342228	1.06102842391187	21.1022635190748	7.91310484062149	110.739206832553	-734.583818270093	97.2750665633462
2025-05-16 03:00:00	2025-05-16 07:00:00	4529.67415515954	1.06107069592692	21.0992579267775	7.91230587245145	110.755790952894	-702.729702724004	97.2750665633462
2025-05-16 03:10:00	2025-05-16 07:10:00	4529.95914397426	1.06121153149952	21.09928297338	7.93008122938141	110.768496052334	-705.800798255169	97.2750665633462
2025-05-16 03:20:00	2025-05-16 07:20:00	4529.95914397426	1.06133916583202	21.0910864727193	7.93098606897816	110.773880730769	-700.569632305847	97.2750665633462
2025-05-16 03:30:00	2025-05-16 07:30:00	4529.95914397426	1.06149439925511	21.0769288806691	7.92920959849179	110.780537722255	-700.414684889874	97.2750665633462
2025-05-16 03:40:00	2025-05-16 07:40:00	4529.95914397426	1.0616431225937	21.0352012409421	7.92786835741422	110.784401404606	-700.633666915629	97.2750665633462
2025-05-16 03:50:00	2025-05-16 07:50:00	4529.95914397426	1.06172812045737	21.0165728303497	7.92673301032088	110.782531100968	-698.9963418838	97.2750665633462
2025-05-16 04:00:00	2025-05-16 08:00:00	4529.95914397426	1.061790378871	20.9904930555203	7.92551718094909	110.776780075584	-706.82207417121	97.2750665633462
2025-05-16 04:10:00	2025-05-16 08:10:00	4529.95914397426	1.0619935668601	21.0039055111469	7.92434266711586	110.775538041995	-706.349085215164	97.2750665633462
2025-05-16 04:20:00	2025-05-16 08:20:00	4529.95914397426	1.06207370508324	21.0068860568416	7.92317606476876	110.778381202867	-700.272049862904	97.2750665633462
2025-05-16 04:30:00	2025-05-16 08:30:00	4529.95914397426	1.06214990057915	21.0068860568416	7.92217882682804	110.770641634274	-697.711609972552	97.2750665633462
2025-05-16 04:40:00	2025-05-16 08:40:00	4530.21887310369	1.06226533996466	20.9964541469099	7.9211685007498	110.782769076814	-697.695969523974	97.2750665633462
2025-05-16 04:50:00	2025-05-16 08:50:00	4530.81119807817	1.06244927277429	20.9808062820123	7.92025760544763	110.794549744682	-697.695969523974	97.2750665633462
2025-05-16 05:00:00	2025-05-16 09:00:00	4531.94293285996	1.06259058375488	20.9918080021504	7.91944448048617	110.798019351888	-699.37402653971	97.2750665633462
2025-05-16 05:10:00	2025-05-16 09:10:00	4533.37765658699	1.06260276406209	20.991238191944	7.91867901978672	110.796611280967	-697.695969523974	97.2750665633462
2025-05-16 05:20:00	2025-05-16 09:20:00	4533.71178694055	1.06270050702074	21.0143374210787	7.91781608176456	110.801880252713	-697.695951989036	97.2750665633462
2025-05-16 05:30:00	2025-05-16 09:30:00	4533.71178694055	1.06283850247363	21.0195533760445	7.91735877833278	110.804084321217	-697.635949460608	97.2750665633462
2025-05-16 05:40:00	2025-05-16 09:40:00	4533.71178694055	1.06285904133173	21.0381817866369	7.91685732685505	110.797205702492	-697.56521125613	97.2750665633462
2025-05-16 05:50:00	2025-05-16 09:50:00	4534.52807392826	1.06287059443942	21.0493588329923	7.91615242320978	110.807414256098	-697.68384047646	97.2750665633462
2025-05-16 06:00:00	2025-05-16 10:00:00	4535.9108737025	1.06290571221912	21.0635164250426	7.9156434509366	110.809405677584	-697.115811323924	97.2750665633462
2025-05-16 06:10:00	2025-05-16 10:10:00	4536.57315658516	1.06290846295905	21.0799094263639	7.91499861598218	110.81555137215	-695.698085142082	97.2750665633462
2025-05-16 06:20:00	2025-05-16 10:20:00	4537.93391545205	1.06297117982933	21.0948121548378	7.91432526060869	110.818800369914	-694.830407048249	97.2750665633462
2025-05-16 06:30:00	2025-05-16 10:30:00	4539.36517869911	1.06297842344446	21.09928297338	7.91379001438782	110.809568818258	-694.830288359386	97.2750665633462
2025-05-16 06:40:00	2025-05-16 10:40:00	4540.77413495298	1.06308221803096	21.1007732462273	7.91328856291008	110.803684010614	-694.830288359386	97.2750665633462
2025-05-16 06:50:00	2025-05-16 10:50:00	4542.21182700632	1.06312733016572	21.09928297338	7.91259557533031	110.798561370411	-694.830288359386	97.2750665633462
2025-05-16 07:00:00	2025-05-16 11:00:00	4543.00700915393	1.06316959986923	21.1022635190748	7.91316998829108	110.815035700251	-694.830891227239	97.2750665633462
2025-05-16 07:10:00	2025-05-16 11:10:00	4544.17233257353	1.06322246801186	21.1022635190748	7.91660826319309	110.822804644672	-719.469771536072	97.2750665633462
2025-05-16 07:20:00	2025-05-16 11:20:00	4545.16671633349	1.06318317018619	21.1067343376169	7.9163455220745	110.822645861563	-713.896980234304	97.2750665633462
2025-05-16 07:30:00	2025-05-16 11:30:00	4545.4488377927	1.06315804676154	21.1350495217174	7.91647366861497	110.812484972205	-701.706534435056	97.2750665633462
2025-05-16 07:40:00	2025-05-16 11:40:00	4545.4488377927	1.0633007184723	21.1656001150889	7.91577462532979	110.826153443628	-704.556671652865	97.2750665633462
2025-05-16 07:50:00	2025-05-16 11:50:00	4545.4488377927	1.06335270745688	21.1782674342918	7.91498015584792	110.834564341277	-700.557944852474	97.2750665633462
2025-05-16 08:00:00	2025-05-16 12:00:00	4545.4488377927	1.06347401508756	21.1872090713761	7.9270227074543	110.845738153467	-704.850520466249	97.2750665633462
2025-05-16 08:10:00	2025-05-16 12:10:00	4545.4488377927	1.06360797612189	21.1916798899183	7.94325844437243	110.850567554928	-717.454572976617	97.2750665633462
2025-05-16 08:20:00	2025-05-16 12:20:00	4545.4488377927	1.06370250988397	21.1931701627657	7.9313227466649	110.852759649805	-740.381410893372	97.2750665633462
2025-05-16 08:30:00	2025-05-16 12:30:00	4545.4488377927	1.06376504337159	21.2050923455448	7.92356294620687	110.868338260204	-749.854690126916	97.2751280395596
2025-05-16 08:40:00	2025-05-16 12:40:00	4545.4488377927	1.0638912106428	21.243839439577	7.9332241404937	110.879250034162	-730.25167894652	97.2751559277758
2025-05-16 08:50:00	2025-05-16 12:50:00	4545.4488377927	1.06405000153541	21.2750850761673	7.92600788679177	110.889181768259	-757.628535306194	97.2754079344064
2025-05-16 09:00:00	2025-05-16 13:00:00	4545.4488377927	1.06400393490402	21.2810962607618	7.96496562656768	110.895890018529	-743.399935495353	97.2758400714585
2025-05-16 09:10:00	2025-05-16 13:10:00	4545.4488377927	1.06397464975385	21.2982343985069	7.94644384309532	110.898375140916	-724.312963237315	97.2768571089551
2025-05-16 09:20:00	2025-05-16 13:20:00	4545.4488377927	1.06401086782952	21.361570994521	7.93153625911724	110.89949409943	-742.979463224759	97.2785876032958
2025-05-16 09:30:00	2025-05-16 13:30:00	4545.4488377927	1.06403483779264	21.3705126316054	7.92111227002026	110.899984851749	-720.571550693202	97.2793117372562
2025-05-16 09:40:00	2025-05-16 13:40:00	4545.4488377927	1.06405882239554	21.3749834501476	7.92313211206814	110.900536956332	-715.43242715971	97.2818420766841
2025-05-16 09:50:00	2025-05-16 13:50:00	4545.4488377927	1.06409128112665	21.3913764514688	7.93101859397662	110.901180308547	-693.193412675243	97.2833136380991
2025-05-16 10:00:00	2025-05-16 14:00:00	4545.4488377927	1.06415546505823	21.4182013627219	7.92680802292994	110.90070055753	-652.914442635308	97.2813538293395
2025-05-16 10:10:00	2025-05-16 14:10:00	4545.4488377927	1.06426540296389	21.42788813623	7.92370252044951	110.900507252525	-638.897871342408	97.2794329012314
2025-05-16 10:20:00	2025-05-16 14:20:00	4545.4488377927	1.06430968987667	21.4196916355693	7.92115590097562	110.900676149751	-633.39394120889	97.2803045606558
2025-05-16 10:30:00	2025-05-16 14:30:00	4545.4488377927	1.06435287649349	21.4465165468224	7.91865948525311	110.900040165922	-632.675822533792	97.2836904343613
2025-05-16 10:40:00	2025-05-16 14:40:00	4545.4488377927	1.06429832015165	21.4584387296015	7.91648841718785	110.900815343171	-631.17974416745	97.2819035528975
2025-05-16 10:50:00	2025-05-16 14:50:00	4545.4488377927	1.06443191442066	21.4599290024489	7.91477211306499	110.900681676041	-631.716739343379	97.277862713242
2025-05-16 11:00:00	2025-05-16 15:00:00	4545.4488377927	1.06463721131037	21.4599290024489	7.91416058449037	110.90013019839	-637.510372768618	97.2798186542929
2025-05-16 11:10:00	2025-05-16 15:10:00	4545.4488377927	1.06471120621434	21.4629095481437	7.9132188246251	110.898999496511	-633.046558350466	97.2852702916226
2025-05-16 11:20:00	2025-05-16 15:20:00	4545.4488377927	1.06470983084438	21.4599290024489	7.92185767909551	110.899040368028	-635.317916783312	97.2846205165449
2025-05-16 11:30:00	2025-05-16 15:30:00	4545.4488377927	1.06468599109837	21.4599290024489	8.00552379352326	110.900708271309	-646.741003297844	97.2823138353754
2025-05-16 11:40:00	2025-05-16 15:40:00	4545.4488377927	1.06469214905732	21.4599290024489	7.99593370329721	110.901874935673	-651.893700796597	97.2828951070181
2025-05-16 11:50:00	2025-05-16 15:50:00	4545.4488377927	1.06471294834963	21.4651449574148	7.98992312429274	110.904870603562	-655.700699598499	97.2861450045014
2025-05-16 12:00:00	2025-05-16 16:00:00	4545.4488377927	1.06484269158274	21.479302549465	7.98612678303124	110.907382417319	-649.536857836137	97.2871818558041
2025-05-16 12:10:00	2025-05-16 16:10:00	4545.4488377927	1.0649380505668	21.5053823242944	7.9839388175944	110.908298745214	-655.013908818963	97.2881974347085
2025-05-16 12:20:00	2025-05-16 16:20:00	4545.4488377927	1.06500168435039	21.5307169627001	7.98154730231736	110.908514846164	-655.110523581273	97.2869362562956
2025-05-16 12:30:00	2025-05-16 16:30:00	4545.4488377927	1.06513472847141	21.5433842819029	7.98092493207659	110.906900248551	-661.386467153643	97.284585605384
2025-05-16 12:40:00	2025-05-16 16:40:00	4545.4488377927	1.06521945126109	21.5441294183266	7.98035530507657	110.906394247659	-668.02283957797	97.2853200629279
2025-05-16 12:50:00	2025-05-16 16:50:00	4545.4488377927	1.06531205950522	21.5493453732925	7.98023116311548	110.906461484182	-679.45213680038	97.2835369473911
2025-05-16 13:00:00	2025-05-16 17:00:00	4545.4488377927	1.06536377341581	21.5493453732925	7.97963506682242	110.908022891258	-691.840714749643	97.2875167179604
2025-05-16 13:10:00	2025-05-16 17:10:00	4545.4488377927	1.06539183096304	21.5493453732925	7.97983422139256	110.909464446928	-685.528534572769	97.2839177131439
2025-05-16 13:20:00	2025-05-16 17:20:00	4545.4488377927	1.06545784872123	21.5493453732925	7.97948787411168	110.908455438551	-671.73439408191	97.2855557896008
2025-05-16 13:30:00	2025-05-16 17:30:00	4545.4488377927	1.06554614747281	21.5493453732925	7.98011747212988	110.904546739965	-697.72366649461	97.291478574931
2025-05-16 13:40:00	2025-05-16 17:40:00	4545.4488377927	1.06566140347565	21.5493453732925	7.97987329045977	110.904355161925	-697.734418632028	97.2995775571498
2025-05-16 13:50:00	2025-05-16 17:50:00	4545.4488377927	1.06582305529189	21.5493453732925	7.98019277775694	110.908624911432	-699.703858482374	97.2964551965515
2025-05-16 14:00:00	2025-05-16 18:00:00	4545.4488377927	1.06611846549692	21.5478425771438	7.9791003852973	110.902170638607	-688.915380612646	97.2960387139363
2025-05-16 14:10:00	2025-05-16 18:10:00	4545.4488377927	1.06615589482278	21.5493453732925	7.97838856823285	110.899643769774	-693.117464208609	97.3213020703295
2025-05-16 14:20:00	2025-05-16 18:20:00	4545.4488377927	1.06633304247393	21.5493453732925	7.97910988088635	110.899160679958	-752.529459360771	97.3162632600228
2025-05-16 14:30:00	2025-05-16 18:30:00	4545.4488377927	1.06649854532606	21.5493453732925	7.97956308206606	110.898489926557	-726.701359982585	97.3050209501529
2025-05-16 14:40:00	2025-05-16 18:40:00	4545.4488377927	1.06669641521798	21.547855100445	7.98034475642842	110.898325289179	-725.153256649399	97.3018036271255
2025-05-16 14:50:00	2025-05-16 18:50:00	4545.4488377927	1.06677545314514	21.5463648275977	7.98082012930378	110.897958136313	-704.576734245692	97.3018330420688
2025-05-16 15:00:00	2025-05-16 19:00:00	4545.4488377927	1.06685458276364	21.5411488726318	7.9818549712217	110.896793931303	-704.514980967072	97.297019169563
2025-05-16 15:10:00	2025-05-16 19:10:00	4545.4488377927	1.0669243598664	21.5187947799209	7.98272132778725	110.896516695774	-696.884666492919	97.2920927263751
2025-05-16 15:20:00	2025-05-16 19:20:00	4545.4488377927	1.06698285893546	21.5031469150233	7.98341548743903	110.895046933001	-711.247935350255	97.2894764249383
2025-05-16 15:30:00	2025-05-16 19:30:00	4545.4488377927	1.06708025362117	21.483973740827	7.98426085094717	110.894638282654	-713.071518032377	97.2887722111322
2025-05-16 15:40:00	2025-05-16 19:40:00	4545.4488377927	1.06719733935607	21.4998338291064	7.98500185866095	110.896657990097	-736.962656979884	97.2921740836885
2025-05-16 15:50:00	2025-05-16 19:50:00	4545.4488377927	1.06728791599311	21.5307169627001	7.98580241210067	110.896649211594	-749.428096945621	97.2966260882112
2025-05-16 16:00:00	2025-05-16 20:00:00	4545.4488377927	1.06744325882938	21.5485939752181	7.98666153021865	110.897082272622	-751.490376980787	97.2969639875709
2025-05-16 16:10:00	2025-05-16 20:10:00	4545.4488377927	1.06763670981556	21.547855100445	7.98756481772283	110.897081643755	-732.385834127336	97.2973175938313
2025-05-16 16:20:00	2025-05-16 20:20:00	4545.4488377927	1.06777864799567	21.5471099640214	7.98837169163354	110.89687049344	-759.384200088038	97.2962927527821
2025-05-16 16:30:00	2025-05-16 20:30:00	4545.4488377927	1.06795487873351	21.547855100445	7.98924156441513	110.89670781329	-744.844561846743	97.2927152239276
2025-05-16 16:40:00	2025-05-16 20:40:00	4545.4488377927	1.06815549936535	21.5493453732925	7.98971644892715	110.896863355316	-753.511719682919	97.2947961530417
2025-05-16 16:50:00	2025-05-16 20:50:00	4545.4488377927	1.0682865262771	21.5463648275977	7.9910467506659	110.896531893071	-769.160820142587	97.2926828573119
2025-05-16 17:00:00	2025-05-16 21:00:00	4545.4488377927	1.06843066504915	21.5299718262763	7.99144457144284	110.895322671826	-763.146968776709	97.290964780352
2025-05-16 17:10:00	2025-05-16 21:10:00	4545.4488377927	1.06865686756229	21.5344426448185	7.99257933250017	110.894276245863	-780.248319563109	97.28741493615
2025-05-16 17:20:00	2025-05-16 21:20:00	4545.4488377927	1.06884043360659	21.4703609123807	7.99334410949095	110.893846922239	-754.589541239701	97.2857153834796
2025-05-16 17:30:00	2025-05-16 21:30:00	4545.4488377927	1.06901748956641	21.4681255031096	7.99446265688538	110.8924188369	-746.149950868701	97.2846208218903
2025-05-16 17:40:00	2025-05-16 21:40:00	4545.4488377927	1.06921344087502	21.4614317985975	7.99535544827126	110.89383627407	-724.03369675686	97.2843200181516
2025-05-16 17:50:00	2025-05-16 21:50:00	4545.4488377927	1.06941588839883	21.4599290024489	7.9963899339712	110.893867415563	-770.962446107787	97.2831964872353
2025-05-16 18:00:00	2025-05-16 22:00:00	4545.4488377927	1.06961284137744	21.4599290024489	7.99724535119793	110.893081415998	-777.778470766524	97.2822930718861
2025-05-16 18:10:00	2025-05-16 22:10:00	4545.4488377927	1.06974295137588	21.4599290024489	7.99812381917431	110.891244270097	-767.891238775233	97.2811963728787
2025-05-16 18:20:00	2025-05-16 22:20:00	4545.4488377927	1.06986939372108	21.4584387296015	7.99903520283982	110.890168946245	-754.275403907152	97.2812808517814
2025-05-16 18:30:00	2025-05-16 22:30:00	4545.4488377927	1.07000223288501	21.4561720120773	7.99993066586043	110.887965752349	-792.963280995507	97.2802058092063
2025-05-16 18:40:00	2025-05-16 22:40:00	4545.4488377927	1.07011393450038	21.4256527269589	8.00058751455303	110.888034186622	-755.521143962279	97.2794749371191
2025-05-16 18:50:00	2025-05-16 22:50:00	4545.4488377927	1.0701960899328	21.3988278157059	8.0014778985949	110.883132943397	-772.530398632417	97.2794036898518
2025-05-16 19:00:00	2025-05-16 23:00:00	4545.4488377927	1.07027742014324	21.3787091322661	8.0022936607184	110.8819513536	-771.77077654943	97.2788740173103
2025-05-16 19:10:00	2025-05-16 23:10:00	4545.4488377927	1.07035178181254	21.3705126316054	8.00299485280228	110.881001637705	-764.780577713917	97.277600217953
2025-05-16 19:20:00	2025-05-16 23:20:00	4545.4488377927	1.07043393724495	21.3705126316054	8.0037885409028	110.881231899772	-765.605496564332	97.27777039714
2025-05-16 19:30:00	2025-05-16 23:30:00	4545.4488377927	1.07043613783689	21.3571001759789	8.00458115460397	110.876240624079	-766.058225510397	97.2769874914542
2025-05-16 19:40:00	2025-05-16 23:40:00	4545.4488377927	1.07054222470665	21.3392169018101	8.00554713729092	110.872128143564	-783.854879632443	97.2765449441426
2025-05-16 19:50:00	2025-05-16 23:50:00	4545.4488377927	1.07072093111043	21.3153725362518	8.00669869804715	110.872308784155	-770.996108058606	97.2763217366323
2025-05-16 20:00:00	NA	4545.4488377927	1.07083517850863	21.2870573521514	8.00740780161714	110.87405497654	-755.596198027813	97.2766060132288
2025-05-16 20:10:00	2025-05-17 00:10:00	4545.4488377927	1.07084233043244	21.2810962607618	8.00825052139702	110.86943396225	-758.445041000231	97.2761381222462
2025-05-16 20:20:00	2025-05-17 00:20:00	4545.4488377927	1.07087295533693	21.2810962607618	8.00920986234254	110.8692111837	-738.817092395085	97.2763017873974
2025-05-16 20:30:00	2025-05-17 00:30:00	4545.4488377927	1.07088872624583	21.2766254422197	8.00999651801095	110.862759240585	-769.500441226512	97.2758575097949
2025-05-16 20:40:00	2025-05-17 00:40:00	4545.4488377927	1.07093286136709	21.2570515223838	8.01048088990425	110.86254331088	-780.396463686945	97.2757917972343
2025-05-16 20:50:00	2025-05-17 00:50:00	4545.4488377927	1.07106495698367	21.2043472091212	8.01126235578879	110.86283891126	-774.085303732091	97.2759040240824
2025-05-16 21:00:00	2025-05-17 01:00:00	4545.4488377927	1.07113097474186	21.1946604356131	8.01188628879226	110.85858769785	-787.880837832985	97.2757314021318
2025-05-16 21:10:00	2025-05-17 01:10:00	4545.4488377927	1.07119992662264	21.1916798899183	8.01264071248022	110.852605604482	-765.535163810555	97.2755173549845
2025-05-16 21:20:00	2025-05-17 01:20:00	4545.4488377927	1.07126832835544	21.1886993442236	8.01307359774499	110.852559206676	-761.317082933592	97.2754649373522
2025-05-16 21:30:00	2025-05-17 01:30:00	4545.4488377927	1.07129803634662	21.1670903879363	8.01364361543569	110.848916000253	-739.937914867281	97.2755285509837
2025-05-16 21:40:00	2025-05-17 01:40:00	4545.4488377927	1.071315283563	21.1240540632299	8.01439029179329	110.834578311799	-734.09634743938	97.27537324306
2025-05-16 21:50:00	2025-05-17 01:50:00	4545.4488377927	1.07129253486677	21.1022635190748	8.01497538226445	110.835817427445	-732.083156413255	97.2752590327496
2025-05-16 22:00:00	2025-05-17 02:00:00	4545.4488377927	1.0712708957127	21.1022635190748	8.01584212952067	110.837305611184	-738.305939184256	97.2752718572577
2025-05-16 22:10:00	2025-05-17 02:10:00	4545.4488377927	1.07117686817923	21.0924953441087	8.0168632652547	110.840644807824	-732.35151993157	97.2753636978078
2025-05-16 22:20:00	2025-05-17 02:20:00	4545.4488377927	1.07115676804367	21.0579248227887	8.01743599732168	110.847803877287	-734.477757527525	97.2753969420558
2025-05-16 22:30:00	2025-05-17 02:30:00	4545.4488377927	1.07120102691861	21.0225339217392	8.0184317249685	110.851719440918	-756.763478303109	97.2754049878658
2025-05-16 22:40:00	2025-05-17 02:40:00	4545.4488377927	1.07129629421134	20.964413280691	8.0192120319135	110.848453288629	-787.411236102018	97.2752959795468
2025-05-16 22:50:00	2025-05-17 02:50:00	4545.4488377927	1.07135268437979	20.9264113230824	8.02009479748726	110.845077531597	-800.493127469728	97.2752984223103
2025-05-16 23:00:00	2025-05-17 03:00:00	4545.4488377927	1.07137538376304	20.912159806273	8.02092218019593	110.84382927416	-764.654702924676	97.2752543892753
2025-05-16 23:10:00	2025-05-17 03:10:00	4545.4488377927	1.07143373951624	20.8668004091868	8.02184372428125	110.84201193757	-755.882928014409	97.2752593380951
2025-05-16 23:20:00	2025-05-17 03:20:00	4545.4488377927	1.07135378467576	20.8369949522389	8.02237174272469	110.836111702367	-732.120314138765	97.2751832053009
2025-05-16 23:30:00	2025-05-17 03:30:00	4545.4488377927	1.07135543511972	20.8340144065442	8.02331067008258	110.827213685315	-763.459830114519	97.275155215303
2025-05-16 23:40:00	2025-05-17 03:40:00	4545.4488377927	1.0713378303842	20.8265630423072	8.02427694578754	110.819921515918	-756.508753036805	97.2751430014857
2025-05-16 23:50:00	2025-05-17 03:50:00	4545.4488377927	1.07154771184045	20.8131505866807	8.02516146946934	110.816272437812	-764.250301878341	97.2751142990152
NA	2025-05-17 04:00:00	4545.4488377927	1.07159465780183	20.7602459005982	8.02577827236803	110.813513207465	-738.039564755158	97.2751422890131
2025-05-17 00:10:00	2025-05-17 04:10:00	4545.4488377927	1.07164994767432	20.7498139906665	8.02641851670706	110.81440282496	-741.774949835649	97.275155215303
2025-05-17 00:20:00	2025-05-17 04:20:00	4545.4488377927	1.07161794739986	20.7445980357006	8.02707067711157	110.81932133784	-757.555448767308	97.2751634596296
2025-05-17 00:30:00	2025-05-17 04:30:00	4545.4488377927	1.07166883608847	20.738636944311	8.02777255290414	110.820023982538	-744.14975271005	97.2751211183966
2025-05-17 00:40:00	2025-05-17 04:40:00	4545.4488377927	1.0716992776103	20.7095766237869	8.02829666444085	110.817605424918	-745.927645196928	97.2750870214901
2025-05-17 00:50:00	2025-05-17 04:50:00	4545.4488377927	1.07172568471358	20.6611427562467	8.02878659054375	110.820470575816	-796.077056392243	97.275115011488
2025-05-17 01:00:00	2025-05-17 05:00:00	4545.4488377927	1.0717968371863	20.6551816648571	8.02936637550126	110.808952291574	-774.888553216831	97.275107479634
2025-05-17 01:10:00	2025-05-17 05:10:00	4545.4488377927	1.07183066589376	20.6559330629314	8.02984470153848	110.801671927462	-752.012089337463	97.2750940700943
2025-05-17 01:20:00	2025-05-17 05:20:00	4545.4488377927	1.07189907302016	20.6551816648571	8.03045073746188	110.788792041698	-730.881865516239	97.2750938408713
2025-05-17 01:30:00	2025-05-17 05:30:00	4545.4488377927	1.07198682162376	20.6551816648571	8.03098959757147	110.773768938535	-733.250124876804	97.2750665633462
2025-05-17 01:40:00	2025-05-17 05:40:00	4545.4488377927	1.07198379580984	20.6551816648571	8.03208333610821	110.761670278753	-726.976898861899	97.2750802021088
2025-05-17 01:50:00	2025-05-17 05:50:00	4545.4488377927	1.07201762991091	20.6514559827386	8.0327157666338	110.757086912311	-750.503294703177	97.2750665633462
2025-05-17 02:00:00	2025-05-17 06:00:00	4545.4488377927	1.0720036011373	20.6440046185016	8.03334653672402	110.753880282768	-750.399124172064	97.2750733827274
2025-05-17 02:10:00	2025-05-17 06:10:00	4545.4488377927	1.07214187166418	20.6216505257908	8.033936479639	110.757266862117	-760.412941354632	97.2750665633462
2025-05-17 02:20:00	2025-05-17 06:20:00	4545.4488377927	1.07218487489833	20.5963158873851	8.03442943359461	110.760598063439	-777.94360645835	97.2750665633462
2025-05-17 02:30:00	2025-05-17 06:30:00	4545.4488377927	1.0722433739674	20.5888645231481	8.03484678890516	110.767665497059	-780.657397846789	97.2750665633462
2025-05-17 02:40:00	2025-05-17 06:40:00	4545.4488377927	1.07224282381941	20.5732166582505	8.035402937077	110.771564064114	-746.72824762181	97.2750733827274
2025-05-17 02:50:00	2025-05-17 06:50:00	4545.4488377927	1.07221073185363	20.567255566861	8.03599102421128	110.776545899062	-730.742306976169	97.2750665633462
2025-05-17 03:00:00	2025-05-17 07:00:00	4545.4488377927	1.07225712766702	20.5657652940135	8.03628794912214	110.769308762299	-770.193577506306	97.2751006602527
2025-05-17 03:10:00	2025-05-17 07:10:00	4545.4488377927	1.07230939172559	20.5657652940135	8.03699422018476	110.760306551662	-755.176329435422	97.2750665633462
2025-05-17 03:20:00	2025-05-17 07:20:00	4545.4488377927	1.07236805414392	20.5650138959392	8.03738732969182	110.753427883595	-741.573610362817	97.2750665633462
2025-05-17 03:30:00	2025-05-17 07:30:00	4545.4488377927	1.07240832667155	20.5635298847425	8.03796284003375	110.752204435445	-739.993295925741	97.2750665633462
2025-05-17 03:40:00	2025-05-17 07:40:00	4545.4488377927	1.07248470555012	20.5635298847425	8.03877645335854	110.746911861836	-754.427972416598	97.2750665633462
2025-05-17 03:50:00	2025-05-17 07:50:00	4545.4488377927	1.07253678622603	20.5583139297766	8.03948194303982	110.753599132784	-736.292995750287	97.2750665633462
2025-05-17 04:00:00	2025-05-17 08:00:00	4545.4488377927	1.07260427104552	20.5627847483188	8.04034195088194	110.760997452994	-729.48135625736	97.2750665633462
2025-05-17 04:10:00	2025-05-17 08:10:00	4545.4488377927	1.07260262060156	20.5612944754714	8.04094722840581	110.762114684542	-739.410081875147	97.2750665633462
2025-05-17 04:20:00	2025-05-17 08:20:00	4545.4488377927	1.07263562948066	20.5642750211661	8.04167576883673	110.760105648009	-766.494085369402	97.2750665633462
2025-05-17 04:30:00	2025-05-17 08:30:00	4545.4488377927	1.07270531489208	20.5642750211661	8.04226678615106	110.763665269301	-739.606504189826	97.2750665633462
2025-05-17 04:40:00	2025-05-17 08:40:00	4545.4488377927	1.07276262197385	20.5642750211661	8.04281219032941	110.773068596459	-775.17380859868	97.2750665633462
2025-05-17 04:50:00	2025-05-17 08:50:00	4545.4488377927	1.07283239753557	20.5657652940135	8.0435541028873	110.786374089726	-754.793942494262	97.2750734400332
2025-05-17 05:00:00	2025-05-17 09:00:00	4545.4488377927	1.07285113290371	20.5657652940135	8.04410993478122	110.795944102337	-764.714245057261	97.2750665633462
2025-05-17 05:10:00	2025-05-17 09:10:00	4545.4488377927	1.07285733911859	20.5657652940135	8.04484192604402	110.796013175248	-746.01255998091	97.2750870214901
2025-05-17 05:20:00	2025-05-17 09:20:00	4545.4488377927	1.07289007292369	20.5590590662003	8.04549047255983	110.789834783468	-732.12672906306	97.2750802021088
2025-05-17 05:30:00	2025-05-17 09:30:00	4545.4488377927	1.07289942543943	20.5098800622363	8.04604085804425	110.792966232447	-769.360150036194	97.2750733827274
2025-05-17 05:40:00	2025-05-17 09:40:00	4545.4488377927	1.07292957493593	20.4831115058389	8.04720633838684	110.790863967834	-751.500323329033	97.2751009467813
2025-05-17 05:50:00	2025-05-17 09:50:00	4545.4488377927	1.07293766072439	20.4823100145596	8.04793795427565	110.792078111655	-738.077929767083	97.2750870214901
2025-05-17 06:00:00	2025-05-17 10:00:00	4545.4488377927	1.0729552654599	20.4823100145596	8.04868456415017	110.800500292146	-755.532296898269	97.2750802021088
2025-05-17 06:10:00	2025-05-17 10:10:00	4545.4488377927	1.07291363759571	20.4890162423729	8.04933711524537	110.819863950401	-756.351323293959	97.2751758770106
2025-05-17 06:20:00	2025-05-17 10:20:00	4545.4488377927	1.07279737298823	20.5434112013027	8.04979353962314	110.831874880336	-740.06767853438	97.275107479634
2025-05-17 06:30:00	2025-05-17 10:30:00	4545.4488377927	1.07274776797825	20.5598042026239	8.05049824792307	110.84085556147	-769.668789748326	97.275162747157
2025-05-17 06:40:00	2025-05-17 10:40:00	4545.4488377927	1.07265561819078	20.5657652940135	8.05084693934798	110.852822396218	-760.044035135727	97.2752848853295
2025-05-17 06:50:00	2025-05-17 10:50:00	4545.4488377927	1.07259473514711	20.5657652940135	8.05152947595226	110.857516288452	-777.013134918173	97.2754323671728
2025-05-17 07:00:00	2025-05-17 11:00:00	4545.4488377927	1.07250506102557	20.6074929337406	8.05208943335815	110.859204569927	-740.659599695391	97.2753840208129
2025-05-17 07:10:00	2025-05-17 11:10:00	4545.4488377927	1.07244271092061	20.6440046185016	8.05258883370987	110.865326317238	-752.005886762033	97.2754677872428
2025-05-17 07:20:00	2025-05-17 11:20:00	4545.4488377927	1.07239053855337	20.6551816648571	8.05282520156652	110.871130993683	-787.963182496122	97.2755873808701
2025-05-17 07:30:00	2025-05-17 11:30:00	4545.4488377927	1.07242088838387	20.6641233019414	8.05327664463822	110.871019892236	-742.168653319089	97.2757538959119
2025-05-17 07:40:00	2025-05-17 11:40:00	4545.4488377927	1.07241345291041	20.7280672780657	8.05392516735145	110.873088887851	-759.722186640726	97.2757864601041
2025-05-17 07:50:00	2025-05-17 11:50:00	4545.4488377927	1.07235798813093	20.7431077628532	8.05471966063589	110.873789369245	-744.641660670854	97.2757294682774
2025-05-17 08:00:00	2025-05-17 12:00:00	4545.4488377927	1.07227748314247	20.7475785813954	8.05517735475835	110.874562359004	-733.909787915106	97.2761550180268
2025-05-17 08:10:00	2025-05-17 12:10:00	4545.4488377927	1.07226868077471	20.7818548568855	8.05564032320487	110.876823762763	-796.162002190401	97.2762911003073
2025-05-17 08:20:00	2025-05-17 12:20:00	4545.4488377927	1.072197253228	20.829543588002	8.05583088258022	110.880447051517	-754.13368737691	97.276532323198
2025-05-17 08:30:00	2025-05-17 12:30:00	4545.4488377927	1.07211253043832	20.8355046793916	8.05638957024143	110.886566035683	-768.22691247036	97.2769673386558
2025-05-17 08:40:00	2025-05-17 12:40:00	4545.4488377927	1.07204146965693	20.8653101363394	8.05667399305076	110.888091406746	-755.605488681865	97.2772997580486
2025-05-17 08:50:00	2025-05-17 12:50:00	4545.4488377927	1.07196985872756	20.9085280489137	8.05689199844583	110.888728657016	-740.452804331944	97.2780772692984
2025-05-17 09:00:00	2025-05-17 13:00:00	4545.4488377927	1.0719268554934	20.9428043244038	8.05681210220338	110.890017203542	-749.127611218018	97.2788037878612
2025-05-17 09:10:00	2025-05-17 13:10:00	4545.4488377927	1.07183598938456	21.0217887853156	8.05716518889836	110.89251128712	-757.99277058682	97.2799456779923
2025-05-17 09:20:00	2025-05-17 13:20:00	4545.4488377927	1.07180050483953	21.0866156541771	8.05691797937554	110.895405451039	-741.464197938898	97.2825438622669
2025-05-17 09:30:00	2025-05-17 13:30:00	4545.4488377927	1.07173888826522	21.1022635190748	8.0568963937159	110.895942191917	-759.517371258715	97.2841743050881
2025-05-17 09:40:00	2025-05-17 13:40:00	4545.4488377927	1.07175429240879	21.1261078846331	8.05751583377663	110.896753865703	-773.460352235869	97.2854763997887
2025-05-17 09:50:00	2025-05-17 13:50:00	4545.4488377927	1.07172304030478	21.1841659091752	8.05766545599239	110.896893728624	-740.862243056674	97.2853844677205
2025-05-17 10:00:00	2025-05-17 14:00:00	4545.4488377927	1.07170532923813	21.1946604356131	8.05774712265456	110.897311445298	-719.260077145148	97.2868196143408
2025-05-17 10:10:00	2025-05-17 14:10:00	4545.4488377927	1.07168772450262	21.2207402104425	8.0575749257408	110.897761953032	-757.750431189258	97.2913603044674
2025-05-17 10:20:00	2025-05-17 14:20:00	4545.4488377927	1.07171193101395	21.2743900329486	8.05738524541946	110.89851594617	-736.298259571538	97.295197580502
2025-05-17 10:30:00	2025-05-17 14:30:00	4545.4488377927	1.07163995331926	21.2878024885751	8.05705120489475	110.899086880965	-733.913328541067	97.2991751118714
2025-05-17 10:40:00	2025-05-17 14:40:00	4545.4488377927	1.07164554649044	21.3503939481656	8.05663228682151	110.899667947291	-754.308026286674	97.3104775747913
2025-05-17 10:50:00	2025-05-17 14:50:00	4545.4488377927	1.07164829723036	21.3705126316054	8.05605396695402	110.900080576915	-769.25206790187	97.3173342082322
2025-05-17 11:00:00	2025-05-17 15:00:00	4545.4488377927	1.07154166021262	21.4174562262982	8.05543882449069	110.900365756485	-776.437079058511	97.3260766550564
2025-05-17 11:10:00	2025-05-17 15:10:00	4545.4488377927	1.0714535448437	21.4554581839067	8.05479193841024	110.901243515484	-763.128050606948	97.3357139675579
2025-05-17 11:20:00	2025-05-17 15:20:00	4545.4488377927	1.07139101135608	21.4614192752963	8.05395556735379	110.902215797061	-758.32683774767	97.3507336039761
2025-05-17 11:30:00	2025-05-17 15:30:00	4545.4488377927	1.07136151448611	21.4644373908948	8.05341546376443	110.903526204939	-790.236101960418	97.3568379672008
2025-05-17 11:40:00	2025-05-17 15:40:00	4545.4488377927	1.0713625506701	21.5293929599637	8.05296411550964	110.903732554229	-751.073374405328	97.3592894132423
2025-05-17 11:50:00	2025-05-17 15:50:00	4545.4488377927	1.0713559852677	21.5463648275977	8.05252651854765	110.90522681898	-756.887147565488	97.3725244788963
2025-05-17 12:00:00	2025-05-17 16:00:00	4545.4488377927	1.07128107345042	21.5716994660033	8.05195679387496	110.904829386652	-739.300818458601	97.370038865304
2025-05-17 12:10:00	2025-05-17 16:10:00	4545.4488377927	1.07125558326045	21.6268395613569	8.0514416682237	110.903948173722	-761.285199168582	97.3667204729389
2025-05-17 12:20:00	2025-05-17 16:20:00	4545.4488377927	1.07112749355335	21.638761744136	8.05073880585512	110.904891523548	-760.23312615246	97.3629802856323
2025-05-17 12:30:00	2025-05-17 16:30:00	4545.4488377927	1.07109338129623	21.6402520169834	8.0500106659642	110.903440330733	-776.17099210696	97.3561850377422
2025-05-17 12:40:00	2025-05-17 16:40:00	4545.4488377927	1.07109989138072	21.6529193361862	8.04944055060082	110.902879412338	-762.014208352034	97.352641198667
2025-05-17 12:50:00	2025-05-17 16:50:00	4545.4488377927	1.07112528987935	21.690176157371	8.04868436880484	110.901989564581	-722.58173312781	97.3468497118723
2025-05-17 13:00:00	2025-05-17 17:00:00	4545.4488377927	1.07111226971038	21.7095497043872	8.04793580547696	110.901930156967	-738.322644611898	97.3436407349534
2025-05-17 13:10:00	2025-05-17 17:10:00	4545.4488377927	1.07112547326201	21.7251975692848	8.04708781137301	110.901851637603	-724.99379989163	97.3373728075041
2025-05-17 13:20:00	2025-05-17 17:20:00	4545.4488377927	1.07109228100026	21.7237072964374	8.04633495044773	110.901274600863	-731.911344681633	97.3300169342831
2025-05-17 13:30:00	2025-05-17 17:30:00	4545.4488377927	1.07107761038733	21.7281781149795	8.04528907151832	110.901317659869	-722.663463113851	97.3168475893965
2025-05-17 13:40:00	2025-05-17 17:40:00	4545.4488377927	1.0710775641564	21.7296809111282	8.04453627953846	110.901458722475	-730.910105122673	97.311075873077
2025-05-17 13:50:00	2025-05-17 17:50:00	4545.4488377927	1.07106642404496	21.7326489335217	8.04380102842068	110.902189432055	-719.97239628876	97.32087875978
2025-05-17 14:00:00	2025-05-17 18:00:00	4545.4488377927	1.07100398224867	21.7527676169615	8.0430637951223	110.902661814685	-719.784234122517	97.318454724183
2025-05-17 14:10:00	2025-05-17 18:10:00	4545.4488377927	1.07092631969147	21.8012014845018	8.04242970416136	110.902275089544	-714.017260840179	97.3205018617361
2025-05-17 14:20:00	2025-05-17 18:20:00	4545.4488377927	1.07084159690179	21.8175944858231	8.04159050059753	110.905022576526	-716.778511551008	97.327633814974
2025-05-17 14:30:00	2025-05-17 18:30:00	4545.4488377927	1.07080198624687	21.8205750315178	8.04063926648347	110.911871376314	-716.730587493131	97.3364286794307
2025-05-17 14:40:00	2025-05-17 18:40:00	4545.4488377927	1.07079208358314	21.8839116275321	8.03988494046816	110.914509603945	-744.606375247247	97.3575837233811
2025-05-17 14:50:00	2025-05-17 18:50:00	4545.4488377927	1.0707497869116	21.9070108566666	8.03901079717487	110.918207095134	-747.022101882221	97.3730089586033
2025-05-17 15:00:00	2025-05-17 19:00:00	4545.4488377927	1.07078548180733	21.933090631496	8.03800982058707	110.921704142226	-741.264464383871	97.3871304740371
2025-05-17 15:10:00	2025-05-17 19:10:00	4545.4488377927	1.07078163077143	21.9859953175784	8.03714580816556	110.917653832469	-729.870581651751	97.3894663665862
2025-05-17 15:20:00	2025-05-17 19:20:00	4545.4488377927	1.07084618146833	21.9964272275101	8.03635192471971	110.917752384634	-761.827701627038	97.3908078508475
2025-05-17 15:30:00	2025-05-17 19:30:00	4545.4488377927	1.07084159690179	21.9964272275101	8.03557991995149	110.918885504265	-740.585492277914	97.384572290014
2025-05-17 15:40:00	2025-05-17 19:40:00	4545.4488377927	1.07088129924803	21.9994077732049	8.03481690106874	110.919007658291	-710.749768013173	97.3759163577286
2025-05-17 15:50:00	2025-05-17 19:50:00	4545.4488377927	1.07094887575885	22.0068591374419	8.03450766940172	110.919453215391	-744.496081325086	97.375211213346
2025-05-17 16:00:00	2025-05-17 20:00:00	4545.4488377927	1.07096868108631	22.0053688645945	8.03387807138351	110.914902661293	-730.898039408632	97.3722129247746
2025-05-17 16:10:00	2025-05-17 20:10:00	4545.4488377927	1.07100618284061	22.0210167294921	8.03323138064839	110.914207500113	-732.222325725425	97.3736689135727
2025-05-17 16:20:00	2025-05-17 20:20:00	4545.4488377927	1.07105872197318	22.0411354129319	8.03254640222741	110.913749623993	-754.206578800147	97.3667158927574
2025-05-17 16:30:00	2025-05-17 20:30:00	4545.4488377927	1.07108219495387	22.0500770500163	8.03182088964919	110.914524801242	-737.022501756969	97.371302181135
2025-05-17 16:40:00	2025-05-17 20:40:00	4545.4488377927	1.07114413668567	22.0505278888609	8.03085642622366	110.916987364071	-747.03193840781	97.3699862954266
2025-05-17 16:50:00	2025-05-17 20:50:00	4545.4488377927	1.07119114092603	22.0126847494817	8.03027493230988	110.914383335649	-736.383799619434	97.3608178563895
2025-05-17 17:00:00	2025-05-17 21:00:00	4545.4488377927	1.07127465505726	22.0105848195603	8.02960938509935	110.909839083311	-727.296822962408	97.3579172623738
2025-05-17 17:10:00	2025-05-17 21:10:00	4545.4488377927	1.07133599501655	21.9994328198074	8.02889000455897	110.908366584483	-728.582266893564	97.3486101651331
2025-05-17 17:20:00	2025-05-17 21:20:00	4545.4488377927	1.07139889681053	21.9964272275101	8.02800442781807	110.907844553287	-753.222498423053	97.3433170687962
2025-05-17 17:30:00	2025-05-17 21:30:00	4545.4488377927	1.07142970509768	21.9964272275101	8.02712136922629	110.907503650297	-715.686513056863	97.3334554291846
2025-05-17 17:40:00	2025-05-17 21:40:00	4545.4488377927	1.07149178012865	21.9964272275101	8.02654187728679	110.90611033453	-731.255964700934	97.3306237574369
2025-05-17 17:50:00	2025-05-17 21:50:00	4545.4488377927	1.07152653114303	21.9859953175784	8.0262138924675	110.904578170737	-728.44632746316	97.3301052808947
2025-05-17 18:00:00	2025-05-17 22:00:00	4545.4488377927	1.07154798691444	21.9554447242069	8.02562033566381	110.904291954988	-714.819800577447	97.3177104955852
2025-05-17 18:10:00	2025-05-17 22:10:00	4545.4488377927	1.07153203262288	21.9144622209035	8.02514535347911	110.904186725223	-721.067675366935	97.3163584260156
2025-05-17 18:20:00	2025-05-17 22:20:00	4545.4488377927	1.07152983203094	21.9070108566666	8.02458783788992	110.902840843442	-732.594310339795	97.3087820933934
2025-05-17 18:30:00	2025-05-17 22:30:00	4545.4488377927	1.07157971211491	21.9070108566666	8.02402377823197	110.901761720266	-754.596366863248	97.2999109943607
2025-05-17 18:40:00	2025-05-17 22:40:00	4545.4488377927	1.07167122006307	21.8928532646164	8.02333704170296	110.90108152612	-732.322272006584	97.3038102555179
2025-05-17 18:50:00	2025-05-17 22:50:00	4545.4488377927	1.07176841287374	21.8503804884657	8.02265450509867	110.901081410989	-734.408583647093	97.2987522084491
2025-05-17 19:00:00	2025-05-17 23:00:00	4545.4488377927	1.07180215528348	21.8220653043652	8.02204424626874	110.901161311926	-739.572601282722	97.3033853164594
2025-05-17 19:10:00	2025-05-17 23:10:00	4545.4488377927	1.07185891221726	21.8190847586705	8.02151964636868	110.901454896061	-728.136516727343	97.3018851543556
2025-05-17 19:20:00	2025-05-17 23:20:00	4545.4488377927	1.07184112409908	21.815359076552	8.02083144474964	110.901504517537	-705.541291080182	97.298648085657
2025-05-17 19:30:00	2025-05-17 23:30:00	4545.4488377927	1.07181707400237	21.8145888935258	8.02027399482276	110.901884687949	-753.497009917214	97.2965170029144
2025-05-17 19:40:00	2025-05-17 23:40:00	4545.4488377927	1.07179692887763	21.7915147109937	8.01990843803664	110.900844931846	-761.41035389067	97.2914008136278
2025-05-17 19:50:00	2025-05-17 23:50:00	4545.4488377927	1.07179041879314	21.749041934843	8.01961473632384	110.900229095948	-754.783903139576	97.2885839002427
2025-05-17 20:00:00	NA	4545.4488377927	1.07183002944805	21.7304135242506	8.01940327499752	110.899477981086	-721.792907978122	97.2826458476409
2025-05-17 20:10:00	2025-05-18 00:10:00	4545.4488377927	1.07177446450157	21.7281781149795	8.01888238665885	110.899300564163	-707.267629180683	97.2805496512553
2025-05-17 20:20:00	2025-05-18 00:20:00	4545.4488377927	1.07178014936409	21.7266878421321	8.01831305267683	110.899225153336	-719.626788991869	97.2807107718613
2025-05-17 20:30:00	2025-05-18 00:30:00	4545.4488377927	1.0717843671653	21.7170010686241	8.01781560577848	110.89946289892	-778.480458730503	97.2813065007977
2025-05-17 20:40:00	2025-05-18 00:40:00	4545.4488377927	1.07180453925808	21.7013532037265	8.01736133019942	110.899035993048	-727.955732117681	97.2798025727668
2025-05-17 20:50:00	2025-05-18 00:50:00	4545.4488377927	1.07176437845518	21.6640963825416	8.0168778504926	110.897121363962	-736.090081930158	97.2776950786002
2025-05-17 21:00:00	2025-05-18 01:00:00	4545.4488377927	1.07177418942758	21.6462131083729	8.01606814407452	110.896148506729	-750.756996740269	97.2770382805776
2025-05-17 21:10:00	2025-05-18 01:10:00	4545.4488377927	1.07177776538948	21.6372714712886	8.01543082991554	110.896298177073	-740.494845358633	97.2766968026037
2025-05-17 21:20:00	2025-05-18 01:20:00	4545.4488377927	1.07173503722932	21.6342909255938	8.01479410179256	110.893732136599	-721.176391025431	97.2761214300294
2025-05-17 21:30:00	2025-05-18 01:30:00	4545.4488377927	1.0717575932967	21.6178979242725	8.01407366819308	110.894475652813	-716.650842175735	97.2754336903363
2025-05-17 21:40:00	2025-05-18 01:40:00	4545.4488377927	1.07176758765176	21.5679737838848	8.0135167386399	110.894126114996	-725.400252109664	97.2753410688889
2025-05-17 21:50:00	2025-05-18 01:50:00	4545.4488377927	1.07173302618417	21.5508481694411	8.01332035748106	110.894906005844	-727.020791260432	97.2752344776741
2025-05-17 22:00:00	2025-05-18 02:00:00	4545.4488377927	1.07175209181685	21.5493453732925	8.0130439052539	110.894809763072	-716.394285641668	97.275446209499
2025-05-17 22:10:00	2025-05-18 02:10:00	4545.4488377927	1.07170092805426	21.5374231905133	8.01275303604847	110.893938221149	-708.581270358964	97.2752674806399
2025-05-17 22:20:00	2025-05-18 02:20:00	4545.4488377927	1.0716811227268	21.5187947799209	8.01259050872885	110.888215172607	-729.18011259103	97.2752440708235
2025-05-17 22:30:00	2025-05-18 02:30:00	4545.4488377927	1.07166406813926	21.4755768673465	8.01210263375197	110.889537567657	-713.828234452016	97.2753090076186
2025-05-17 22:40:00	2025-05-18 02:40:00	4545.4488377927	1.07168387346672	21.4599290024489	8.01155908535431	110.890276939154	-712.950741325999	97.2753629519782
2025-05-17 22:50:00	2025-05-18 02:50:00	4545.4488377927	1.07165783312877	21.4599290024489	8.01118265489167	110.89056396082	-731.517616625423	97.2753213232176
2025-05-17 23:00:00	2025-05-18 03:00:00	4545.4488377927	1.07154752845779	21.4599290024489	8.01071695161044	110.890056348094	-775.556952709731	97.2751621364662
2025-05-17 23:10:00	2025-05-18 03:10:00	4545.4488377927	1.0714511608691	21.4584387296015	8.01017076605075	110.890992708789	-732.162461687218	97.2753806620132
2025-05-17 23:20:00	2025-05-18 03:20:00	4545.4488377927	1.07138814349781	21.4418954486653	8.00970850429471	110.887494972846	-726.09367150858	97.2751698162886
2025-05-17 23:30:00	2025-05-18 03:30:00	4545.4488377927	1.07139383181172	21.3993327841913	8.00922277531502	110.88777082581	-737.969422535476	97.27510037846
2025-05-17 23:40:00	2025-05-18 03:40:00	4545.4488377927	1.07138569325889	21.3720029044528	8.00879172565065	110.88790477934	-739.423255026798	97.2752104828261
2025-05-17 23:50:00	2025-05-18 03:50:00	4545.4488377927	1.07136148674755	21.3705126316054	8.00853250238966	110.888361619281	-724.863727156345	97.2752097703534
NA	2025-05-18 04:00:00	4545.4488377927	1.07134168142009	21.3667869494869	8.00852283279552	110.883421346636	-732.721259231921	97.2751142990152
2025-05-18 00:10:00	2025-05-18 04:10:00	4545.4488377927	1.07131491371562	21.3502248835988	8.00838888909493	110.864208395871	-717.801574502022	97.2750803167202
2025-05-18 00:20:00	2025-05-18 04:20:00	4545.4488377927	1.07130023693856	21.3019600806253	8.00810323101361	110.852922214824	-745.302691434286	97.2750870214901
2025-05-18 00:30:00	2025-05-18 04:30:00	4545.4488377927	1.07129125118814	21.2863122157277	8.00765725761132	110.856714746197	-717.932547103479	97.2750665633462
2025-05-18 00:40:00	2025-05-18 04:40:00	4545.4488377927	1.07132022564868	21.2810962607618	8.00716596409106	110.861886662482	-741.948100425359	97.2750665633462
2025-05-18 00:50:00	2025-05-18 04:50:00	4545.4488377927	1.07135928615561	21.2535262130851	8.00656332372924	110.861584328389	-758.016569314198	97.2750665633462
2025-05-18 01:00:00	2025-05-18 05:00:00	4545.4488377927	1.07139449562665	21.2132888462055	8.0062410039247	110.852718548026	-750.688986828931	97.2750665633462
2025-05-18 01:10:00	2025-05-18 05:10:00	4545.4488377927	1.07134113127211	21.1916798899183	8.0057709053734	110.853698888776	-713.796824965318	97.2750665633462
2025-05-18 01:20:00	2025-05-18 05:20:00	4545.4488377927	1.07131197342891	21.1894444806472	8.00538070306458	110.854224807337	-704.869705835058	97.2750665633462
2025-05-18 01:30:00	2025-05-18 05:30:00	4545.4488377927	1.07130812239301	21.1693257972074	8.00481908522332	110.856158433044	-718.362902184947	97.2750665633462
2025-05-18 01:40:00	2025-05-18 05:40:00	4545.4488377927	1.07133710455871	21.1323194420474	8.00447131224981	110.860584496632	-701.817404580345	97.2750665633462
2025-05-18 01:50:00	2025-05-18 05:50:00	4545.4488377927	1.07141200867083	21.1067343376169	8.00445466849885	110.852795340425	-714.438638749337	97.2750665633462
2025-05-18 02:00:00	2025-05-18 06:00:00	4545.4488377927	1.07148178577359	21.1022635190748	8.00439733464272	110.847136189607	-707.587994278908	97.2750665633462
2025-05-18 02:10:00	2025-05-18 06:10:00	4545.4488377927	1.07149572285588	21.0963024276852	8.00399043030765	110.840004052346	-739.251470134368	97.2750665633462
2025-05-18 02:20:00	2025-05-18 06:20:00	4545.4488377927	1.07149893205245	21.0679872435848	8.00368393347533	110.835292660195	-706.441062642563	97.2750665633462
2025-05-18 02:30:00	2025-05-18 06:30:00	4545.4488377927	1.07151176498619	21.0496656538727	8.00326929822547	110.836005743117	-735.475296371365	97.2750665633462
2025-05-18 02:40:00	2025-05-18 06:40:00	4545.4488377927	1.07151131038212	20.9830416912834	8.00289190581017	110.831621822324	-726.770060078606	97.2750665633462
2025-05-18 02:50:00	2025-05-18 06:50:00	4545.4488377927	1.07154762014912	20.9338626873195	8.0025085405881	110.826362176192	-731.46748304613	97.2750665633462
2025-05-18 03:00:00	2025-05-18 07:00:00	4545.4488377927	1.07155220471566	20.922685640964	8.00213328219747	110.823547798079	-716.189363653691	97.2750665633462
2025-05-18 03:10:00	2025-05-18 07:10:00	4545.4488377927	1.07160125957765	20.9197050952692	8.00155183680462	110.828409666491	-725.088518972122	97.2750665633462
2025-05-18 03:20:00	2025-05-18 07:20:00	4545.4488377927	1.07163206786481	20.9070377760664	8.00114122090816	110.836232474821	-717.287571305007	97.2750665633462
2025-05-18 03:30:00	2025-05-18 07:30:00	4545.4488377927	1.07167232035904	20.8839385469318	8.00069241499851	110.832784645762	-714.862893342534	97.2750665633462
2025-05-18 03:40:00	2025-05-18 07:40:00	4545.4488377927	1.07175841851868	20.8630747270683	8.00025952973373	110.833472668818	-742.020173312939	97.2750665633462
2025-05-18 03:50:00	2025-05-18 07:50:00	4545.4488377927	1.07180261374014	20.8675455456105	8.00011175098699	110.832606998577	-731.316855904768	97.2750665633462
2025-05-18 04:00:00	2025-05-18 08:00:00	4545.4488377927	1.07181609236577	20.8608393177972	7.99977722209894	110.838636641062	-730.464690504969	97.2750665633462
2025-05-18 04:10:00	2025-05-18 08:10:00	4545.4488377927	1.07186083773521	20.8668004091868	7.99939874051028	110.839420568268	-742.037906502635	97.2750665633462
2025-05-18 04:20:00	2025-05-18 08:20:00	4545.4488377927	1.07182773716478	20.8697809548816	7.99932148142985	110.81018730217	-714.059302224725	97.2750665633462
2025-05-18 04:30:00	2025-05-18 08:30:00	4545.4488377927	1.07175299794295	20.8700815141113	7.99902452615018	110.792247281713	-713.64794841577	97.2750665633462
2025-05-18 04:40:00	2025-05-18 08:40:00	4545.4488377927	1.0717766620624	20.8975665378875	7.99863354054033	110.781545605963	-705.674545567198	97.2750665633462
2025-05-18 04:50:00	2025-05-18 08:50:00	4545.4488377927	1.07171194488323	20.9174195927932	7.9979824654834	110.794263564729	-701.033446060965	97.2750665633462
2025-05-18 05:00:00	2025-05-18 09:00:00	4545.4488377927	1.07170863012604	20.9159794131508	7.9972457418886	110.807988414562	-710.979183565338	97.2750802021088
2025-05-18 05:10:00	2025-05-18 09:10:00	4545.4488377927	1.07167452095098	20.9353529601668	7.99667982644996	110.828135424369	-709.507529935572	97.2750665633462
2025-05-18 05:20:00	2025-05-18 09:20:00	4545.4488377927	1.07161107055005	20.9957090104862	7.99617319832082	110.854345234398	-722.245349804495	97.2750665633462
2025-05-18 05:30:00	2025-05-18 09:30:00	4545.4488377927	1.07162051475712	21.0709677892795	7.99575867551764	110.863680519115	-714.526372006138	97.2750802021088
2025-05-18 05:40:00	2025-05-18 09:40:00	4545.4488377927	1.07163142602549	21.1000281098037	7.99549202913388	110.869890226535	-754.677339506986	97.2750733827274
2025-05-18 05:50:00	2025-05-18 09:50:00	4545.4488377927	1.07158970646997	21.1156759747013	7.99523202449156	110.87561580796	-757.124384654079	97.2750665633462
2025-05-18 06:00:00	2025-05-18 10:00:00	4545.4488377927	1.07152368871178	21.1760320250207	7.99500835408173	110.878893933876	-724.30617960219	97.2750870214901
2025-05-18 06:10:00	2025-05-18 10:10:00	4545.4488377927	1.0714618887548	21.1879542077998	7.99463270500044	110.878531731645	-727.969283880841	97.275107479634
2025-05-18 06:20:00	2025-05-18 10:20:00	4545.4488377927	1.07143098877631	21.1968958448841	7.99426740922196	110.883068585149	-713.615125556771	97.2751081921066
2025-05-18 06:30:00	2025-05-18 10:30:00	4545.4488377927	1.0714389659221	21.2632129865931	7.99393092688054	110.885030302828	-733.584655341719	97.2751491083944
2025-05-18 06:40:00	2025-05-18 10:40:00	4545.4488377927	1.07139394547866	21.2825865336093	7.99339812247637	110.888007706484	-740.565677082777	97.2752392870785
2025-05-18 06:50:00	2025-05-18 10:50:00	4545.4488377927	1.07136203689554	21.3280398554547	7.99277946379699	110.88631942501	-730.165305661303	97.275155215303
2025-05-18 07:00:00	2025-05-18 11:00:00	4545.4488377927	1.07130159920976	21.3449650970787	7.99235405746794	110.88587824289	-723.51411505598	97.2750665633462
